target_id,source_id,member_name,output_file,extracted,reason,numeric_count_preview,has_keyword,size_bytes,sha256,created_utc
OPAL_2005_ARXIV_SOURCE_ARCHIVE_001,OPAL_EVENT_SHAPES_91_209GEV_2005,pr404_01.eps,D:\Paper\Dimensional_Structural_Describability\Strong_interaction\data\raw\source_tables\01\extracted_candidates\OPAL_2005_ARXIV_SOURCE_ARCHIVE_001\pr404_01.eps,True,data_suffix_or_keyword_or_numeric_dense,5843,False,36833,985729613e55583126129a226db5e55ef52b1f4ed66fc2bdc14a5abc3bea1883,2026-06-03T07:26:12+00:00
OPAL_2005_ARXIV_SOURCE_ARCHIVE_001,OPAL_EVENT_SHAPES_91_209GEV_2005,pr404_02.eps,D:\Paper\Dimensional_Structural_Describability\Strong_interaction\data\raw\source_tables\01\extracted_candidates\OPAL_2005_ARXIV_SOURCE_ARCHIVE_001\pr404_02.eps,True,data_suffix_or_keyword_or_numeric_dense,5885,False,36932,1a6411321f57ed9e26117548569a4680c3cbaf1865bdc0e22e832a881353e3d1,2026-06-03T07:26:12+00:00
OPAL_2005_ARXIV_SOURCE_ARCHIVE_001,OPAL_EVENT_SHAPES_91_209GEV_2005,pr404_03.eps,D:\Paper\Dimensional_Structural_Describability\Strong_interaction\data\raw\source_tables\01\extracted_candidates\OPAL_2005_ARXIV_SOURCE_ARCHIVE_001\pr404_03.eps,True,data_suffix_or_keyword_or_numeric_dense,6840,False,42174,d966d8f4573e7fa8a3913fbf5b2f4e40451dba567456d20602c2bf51b30bd59d,2026-06-03T07:26:12+00:00
OPAL_2005_ARXIV_SOURCE_ARCHIVE_001,OPAL_EVENT_SHAPES_91_209GEV_2005,pr404_04.eps,D:\Paper\Dimensional_Structural_Describability\Strong_interaction\data\raw\source_tables\01\extracted_candidates\OPAL_2005_ARXIV_SOURCE_ARCHIVE_001\pr404_04.eps,True,data_suffix_or_keyword_or_numeric_dense,6284,False,39158,84c18b084ec8ca56378d2d07c0184c6d32a3dcd667bfcb71c36d6d14e0103bb9,2026-06-03T07:26:12+00:00
OPAL_2005_ARXIV_SOURCE_ARCHIVE_001,OPAL_EVENT_SHAPES_91_209GEV_2005,pr404_05.eps,D:\Paper\Dimensional_Structural_Describability\Strong_interaction\data\raw\source_tables\01\extracted_candidates\OPAL_2005_ARXIV_SOURCE_ARCHIVE_001\pr404_05.eps,True,data_suffix_or_keyword_or_numeric_dense,5783,False,36587,0cb7ebd82fcfed8e3a2b786d463f585c3c6345e131e61d50a10a3fca8cb0c77f,2026-06-03T07:26:12+00:00
OPAL_2005_ARXIV_SOURCE_ARCHIVE_001,OPAL_EVENT_SHAPES_91_209GEV_2005,pr404_06.eps,D:\Paper\Dimensional_Structural_Describability\Strong_interaction\data\raw\source_tables\01\extracted_candidates\OPAL_2005_ARXIV_SOURCE_ARCHIVE_001\pr404_06.eps,True,data_suffix_or_keyword_or_numeric_dense,7834,True,44577,ee4205bb469fee7874061f7e582dae5f972ef974259329be96f44e9ee6359f6e,2026-06-03T07:26:12+00:00
OPAL_2005_ARXIV_SOURCE_ARCHIVE_001,OPAL_EVENT_SHAPES_91_209GEV_2005,pr404_07.eps,D:\Paper\Dimensional_Structural_Describability\Strong_interaction\data\raw\source_tables\01\extracted_candidates\OPAL_2005_ARXIV_SOURCE_ARCHIVE_001\pr404_07.eps,True,data_suffix_or_keyword_or_numeric_dense,6023,False,36927,d7ad1c3590992dad4e4ff58138c5340a373621e1ff1c18ad96e02afe1bf85e78,2026-06-03T07:26:12+00:00
OPAL_2005_ARXIV_SOURCE_ARCHIVE_001,OPAL_EVENT_SHAPES_91_209GEV_2005,pr404_08.eps,D:\Paper\Dimensional_Structural_Describability\Strong_interaction\data\raw\source_tables\01\extracted_candidates\OPAL_2005_ARXIV_SOURCE_ARCHIVE_001\pr404_08.eps,True,data_suffix_or_keyword_or_numeric_dense,5004,False,33483,f255c23bd715dc18395706cbecfd9cb3a5317988a032c7eb5d697edf4baf9cea,2026-06-03T07:26:12+00:00
OPAL_2005_ARXIV_SOURCE_ARCHIVE_001,OPAL_EVENT_SHAPES_91_209GEV_2005,pr404_09.eps,D:\Paper\Dimensional_Structural_Describability\Strong_interaction\data\raw\source_tables\01\extracted_candidates\OPAL_2005_ARXIV_SOURCE_ARCHIVE_001\pr404_09.eps,True,data_suffix_or_keyword_or_numeric_dense,5138,False,35328,b9a39b4692d23874e1148039d20c42fe3d3d632a355e1e0f5462ac0cc456acbf,2026-06-03T07:26:12+00:00
OPAL_2005_ARXIV_SOURCE_ARCHIVE_001,OPAL_EVENT_SHAPES_91_209GEV_2005,pr404_10.eps,D:\Paper\Dimensional_Structural_Describability\Strong_interaction\data\raw\source_tables\01\extracted_candidates\OPAL_2005_ARXIV_SOURCE_ARCHIVE_001\pr404_10.eps,True,data_suffix_or_keyword_or_numeric_dense,6316,False,37766,c5cd0bc39738590d26f8857de6ad4be26633259741e3eebbda4043de18fe1a66,2026-06-03T07:26:12+00:00
OPAL_2005_ARXIV_SOURCE_ARCHIVE_001,OPAL_EVENT_SHAPES_91_209GEV_2005,pr404_11.eps,D:\Paper\Dimensional_Structural_Describability\Strong_interaction\data\raw\source_tables\01\extracted_candidates\OPAL_2005_ARXIV_SOURCE_ARCHIVE_001\pr404_11.eps,True,data_suffix_or_keyword_or_numeric_dense,5637,False,36165,04ee2deac1b8d6ef439e66fe0a8e6deced3a02f3946072a615d1a95fe0268b52,2026-06-03T07:26:12+00:00
OPAL_2005_ARXIV_SOURCE_ARCHIVE_001,OPAL_EVENT_SHAPES_91_209GEV_2005,pr404_12.eps,D:\Paper\Dimensional_Structural_Describability\Strong_interaction\data\raw\source_tables\01\extracted_candidates\OPAL_2005_ARXIV_SOURCE_ARCHIVE_001\pr404_12.eps,True,data_suffix_or_keyword_or_numeric_dense,5155,False,35631,d4c6bc787958ca6e6abbc15fcef18f675e7ee8f068e4c884851cdecb35579332,2026-06-03T07:26:12+00:00
OPAL_2005_ARXIV_SOURCE_ARCHIVE_001,OPAL_EVENT_SHAPES_91_209GEV_2005,pr404_13.eps,D:\Paper\Dimensional_Structural_Describability\Strong_interaction\data\raw\source_tables\01\extracted_candidates\OPAL_2005_ARXIV_SOURCE_ARCHIVE_001\pr404_13.eps,True,data_suffix_or_keyword_or_numeric_dense,6603,False,40741,a4c5f37770ad138ab08d412179d55e02904988a166f8e9a9cd135b63c4d43610,2026-06-03T07:26:12+00:00
OPAL_2005_ARXIV_SOURCE_ARCHIVE_001,OPAL_EVENT_SHAPES_91_209GEV_2005,pr404_14.eps,D:\Paper\Dimensional_Structural_Describability\Strong_interaction\data\raw\source_tables\01\extracted_candidates\OPAL_2005_ARXIV_SOURCE_ARCHIVE_001\pr404_14.eps,True,data_suffix_or_keyword_or_numeric_dense,6707,False,40713,07f36e383d7b1a8c0374486d4e9c11469215dad063e6237d9a86e6c794b9cb34,2026-06-03T07:26:12+00:00
OPAL_2005_ARXIV_SOURCE_ARCHIVE_001,OPAL_EVENT_SHAPES_91_209GEV_2005,pr404_15.eps,D:\Paper\Dimensional_Structural_Describability\Strong_interaction\data\raw\source_tables\01\extracted_candidates\OPAL_2005_ARXIV_SOURCE_ARCHIVE_001\pr404_15.eps,True,data_suffix_or_keyword_or_numeric_dense,12528,False,69228,ec279989754fc43104cf3232555d1cf03888d32288bd52c3f0bc3b2294856304,2026-06-03T07:26:12+00:00
OPAL_2005_ARXIV_SOURCE_ARCHIVE_001,OPAL_EVENT_SHAPES_91_209GEV_2005,pr404_16.eps,D:\Paper\Dimensional_Structural_Describability\Strong_interaction\data\raw\source_tables\01\extracted_candidates\OPAL_2005_ARXIV_SOURCE_ARCHIVE_001\pr404_16.eps,True,data_suffix_or_keyword_or_numeric_dense,10168,False,62761,e08f98b264d7bb3646b53b2070a226fadc7b4475de94f427af2e62f2a5e535e8,2026-06-03T07:26:13+00:00
OPAL_2005_ARXIV_SOURCE_ARCHIVE_001,OPAL_EVENT_SHAPES_91_209GEV_2005,pr404_17.eps,D:\Paper\Dimensional_Structural_Describability\Strong_interaction\data\raw\source_tables\01\extracted_candidates\OPAL_2005_ARXIV_SOURCE_ARCHIVE_001\pr404_17.eps,True,data_suffix_or_keyword_or_numeric_dense,12885,False,70123,35d6667e74001f1f7563ddc795e5b07d75b7ef577eceffdb2e9478412fef305a,2026-06-03T07:26:13+00:00
OPAL_2005_ARXIV_SOURCE_ARCHIVE_001,OPAL_EVENT_SHAPES_91_209GEV_2005,pr404_18.eps,D:\Paper\Dimensional_Structural_Describability\Strong_interaction\data\raw\source_tables\01\extracted_candidates\OPAL_2005_ARXIV_SOURCE_ARCHIVE_001\pr404_18.eps,True,data_suffix_or_keyword_or_numeric_dense,12267,False,68711,1abc430d0cb2bda629475b7db4af1f6e519d6e25d34407e5d57b6f9af6dc4dc5,2026-06-03T07:26:13+00:00
OPAL_2005_ARXIV_SOURCE_ARCHIVE_001,OPAL_EVENT_SHAPES_91_209GEV_2005,pr404_19.eps,D:\Paper\Dimensional_Structural_Describability\Strong_interaction\data\raw\source_tables\01\extracted_candidates\OPAL_2005_ARXIV_SOURCE_ARCHIVE_001\pr404_19.eps,True,data_suffix_or_keyword_or_numeric_dense,13173,False,73176,39ecf5082cce01be0c33826fc375943e8f046de8a8abf42dcc1d496a311f3de5,2026-06-03T07:26:13+00:00
OPAL_2005_ARXIV_SOURCE_ARCHIVE_001,OPAL_EVENT_SHAPES_91_209GEV_2005,pr404_20.eps,D:\Paper\Dimensional_Structural_Describability\Strong_interaction\data\raw\source_tables\01\extracted_candidates\OPAL_2005_ARXIV_SOURCE_ARCHIVE_001\pr404_20.eps,True,data_suffix_or_keyword_or_numeric_dense,13292,False,74954,7726c40c1afd73c6cedafba248f0b97a0091a12efa2dad08c89d1ad3bd97c8a4,2026-06-03T07:26:13+00:00
OPAL_2005_ARXIV_SOURCE_ARCHIVE_001,OPAL_EVENT_SHAPES_91_209GEV_2005,pr404_21.eps,D:\Paper\Dimensional_Structural_Describability\Strong_interaction\data\raw\source_tables\01\extracted_candidates\OPAL_2005_ARXIV_SOURCE_ARCHIVE_001\pr404_21.eps,True,data_suffix_or_keyword_or_numeric_dense,5900,True,48865,bd1c63721c3fe7651dd5d620f46e476c2b9ddeeb7fb6415ea9ca21987c4c1af8,2026-06-03T07:26:13+00:00
OPAL_2005_ARXIV_SOURCE_ARCHIVE_001,OPAL_EVENT_SHAPES_91_209GEV_2005,pr404_22.eps,D:\Paper\Dimensional_Structural_Describability\Strong_interaction\data\raw\source_tables\01\extracted_candidates\OPAL_2005_ARXIV_SOURCE_ARCHIVE_001\pr404_22.eps,True,data_suffix_or_keyword_or_numeric_dense,922,False,10895,ef8169f339ffb4631a4f5d8378abedeb47eb9f4e085bae9d6ec69cd1b8af139e,2026-06-03T07:26:13+00:00
OPAL_2005_ARXIV_SOURCE_ARCHIVE_001,OPAL_EVENT_SHAPES_91_209GEV_2005,pr404_23.eps,D:\Paper\Dimensional_Structural_Describability\Strong_interaction\data\raw\source_tables\01\extracted_candidates\OPAL_2005_ARXIV_SOURCE_ARCHIVE_001\pr404_23.eps,True,data_suffix_or_keyword_or_numeric_dense,812,False,9655,c5f9b71eb23a0f2b79c80cfa294c644f88a2f387c9b0d554667252df392555e3,2026-06-03T07:26:13+00:00
OPAL_2005_ARXIV_SOURCE_ARCHIVE_001,OPAL_EVENT_SHAPES_91_209GEV_2005,pr404_24.eps,D:\Paper\Dimensional_Structural_Describability\Strong_interaction\data\raw\source_tables\01\extracted_candidates\OPAL_2005_ARXIV_SOURCE_ARCHIVE_001\pr404_24.eps,True,data_suffix_or_keyword_or_numeric_dense,3377,False,25093,8d4f266a6b47b5ef7d11ecc1b85454a5e6248afd4d80da22adeec37b760f880a,2026-06-03T07:26:13+00:00
OPAL_2005_ARXIV_SOURCE_ARCHIVE_001,OPAL_EVENT_SHAPES_91_209GEV_2005,pr404_25.eps,D:\Paper\Dimensional_Structural_Describability\Strong_interaction\data\raw\source_tables\01\extracted_candidates\OPAL_2005_ARXIV_SOURCE_ARCHIVE_001\pr404_25.eps,True,data_suffix_or_keyword_or_numeric_dense,2833,False,26330,10adc0c303995f7644cbd7d21a2c590acd3f4901ddf00b11c1869604a06ceff3,2026-06-03T07:26:13+00:00
OPAL_2005_ARXIV_SOURCE_ARCHIVE_001,OPAL_EVENT_SHAPES_91_209GEV_2005,pr404_26.eps,D:\Paper\Dimensional_Structural_Describability\Strong_interaction\data\raw\source_tables\01\extracted_candidates\OPAL_2005_ARXIV_SOURCE_ARCHIVE_001\pr404_26.eps,True,data_suffix_or_keyword_or_numeric_dense,2073,False,22966,d99a12616c99c1c3c1a0c073c2b16f723013eafaee4a442fa1b0589ca43a7409,2026-06-03T07:26:13+00:00
OPAL_2005_ARXIV_SOURCE_ARCHIVE_001,OPAL_EVENT_SHAPES_91_209GEV_2005,pr404_journal.tex,D:\Paper\Dimensional_Structural_Describability\Strong_interaction\data\raw\source_tables\01\extracted_candidates\OPAL_2005_ARXIV_SOURCE_ARCHIVE_001\pr404_journal.tex,True,data_suffix_or_keyword_or_numeric_dense,9020,True,198556,57542ec1fe7c256043813b29a1c5eb15713c8fc9f6470c2d2d5cb3ccaf68e1aa,2026-06-03T07:26:13+00:00
JADE_1997_ARXIV_SOURCE_ARCHIVE_001,JADE_EVENT_SHAPES_22_44GEV,PITHA97-27.tex,D:\Paper\Dimensional_Structural_Describability\Strong_interaction\data\raw\source_tables\01\extracted_candidates\JADE_1997_ARXIV_SOURCE_ARCHIVE_001\PITHA97-27.tex,True,data_suffix_or_keyword_or_numeric_dense,2663,True,105763,e27f35bf4e89ffc39ee20419e0bf1ad017b78029ddf731f0f25b1e8827bb3514,2026-06-03T07:26:14+00:00
JADE_1997_ARXIV_SOURCE_ARCHIVE_001,JADE_EVENT_SHAPES_22_44GEV,as.22-172gev.f.eps,D:\Paper\Dimensional_Structural_Describability\Strong_interaction\data\raw\source_tables\01\extracted_candidates\JADE_1997_ARXIV_SOURCE_ARCHIVE_001\as.22-172gev.f.eps,True,data_suffix_or_keyword_or_numeric_dense,3708,False,24607,79356e57ac34efa8b81e6d5a8e91941769e7109ed0bc723305399931c3f61189,2026-06-03T07:26:14+00:00
JADE_1997_ARXIV_SOURCE_ARCHIVE_001,JADE_EVENT_SHAPES_22_44GEV,as.35+44gev_jade+opal.f.eps,D:\Paper\Dimensional_Structural_Describability\Strong_interaction\data\raw\source_tables\01\extracted_candidates\JADE_1997_ARXIV_SOURCE_ARCHIVE_001\as.35_44gev_jade_opal.f.eps,True,data_suffix_or_keyword_or_numeric_dense,3150,False,26582,369e0c7f87fd3a3945810e3c7a027c3ee391e0cc69ec7469df2bac052954e043,2026-06-03T07:26:14+00:00
JADE_1997_ARXIV_SOURCE_ARCHIVE_001,JADE_EVENT_SHAPES_22_44GEV,bt.e35.data+jt63had.exp_sys.f.eps,D:\Paper\Dimensional_Structural_Describability\Strong_interaction\data\raw\source_tables\01\extracted_candidates\JADE_1997_ARXIV_SOURCE_ARCHIVE_001\bt.e35.data_jt63had.exp_sys.f.eps,True,data_suffix_or_keyword_or_numeric_dense,1877,False,16752,c49530f90670c49cf7856011073ac8d4eae3c360246ad3219e8385a4e742bc94,2026-06-03T07:26:14+00:00
JADE_1997_ARXIV_SOURCE_ARCHIVE_001,JADE_EVENT_SHAPES_22_44GEV,bt.e44.data+jt63had.exp_sys.f.eps,D:\Paper\Dimensional_Structural_Describability\Strong_interaction\data\raw\source_tables\01\extracted_candidates\JADE_1997_ARXIV_SOURCE_ARCHIVE_001\bt.e44.data_jt63had.exp_sys.f.eps,True,data_suffix_or_keyword_or_numeric_dense,1901,False,16953,ace127dc71c282f5622e4909495ca87e249915b0260a8df27432527167aba633,2026-06-03T07:26:14+00:00
JADE_1997_ARXIV_SOURCE_ARCHIVE_001,JADE_EVENT_SHAPES_22_44GEV,bt.fit35.d.eps,D:\Paper\Dimensional_Structural_Describability\Strong_interaction\data\raw\source_tables\01\extracted_candidates\JADE_1997_ARXIV_SOURCE_ARCHIVE_001\bt.fit35.d.eps,True,data_suffix_or_keyword_or_numeric_dense,2046,False,17957,a000798a14dc08de938380db62cdd59d1cf664bd663757c530c8a266f842cc14,2026-06-03T07:26:14+00:00
JADE_1997_ARXIV_SOURCE_ARCHIVE_001,JADE_EVENT_SHAPES_22_44GEV,bt.fit44.d.eps,D:\Paper\Dimensional_Structural_Describability\Strong_interaction\data\raw\source_tables\01\extracted_candidates\JADE_1997_ARXIV_SOURCE_ARCHIVE_001\bt.fit44.d.eps,True,data_suffix_or_keyword_or_numeric_dense,2071,False,18132,77ec66bd3fdcf52aef22a3026dbddabf22fea3bccdfb50fe462575fa628f8ef3,2026-06-03T07:26:14+00:00
JADE_1997_ARXIV_SOURCE_ARCHIVE_001,JADE_EVENT_SHAPES_22_44GEV,bw.e35.data+jt63had.exp_sys.f.eps,D:\Paper\Dimensional_Structural_Describability\Strong_interaction\data\raw\source_tables\01\extracted_candidates\JADE_1997_ARXIV_SOURCE_ARCHIVE_001\bw.e35.data_jt63had.exp_sys.f.eps,True,data_suffix_or_keyword_or_numeric_dense,1791,False,16224,b879c1ba434c14b385afb58283f4e94b617a47e7d9847992ce5d74aabd102666,2026-06-03T07:26:14+00:00
JADE_1997_ARXIV_SOURCE_ARCHIVE_001,JADE_EVENT_SHAPES_22_44GEV,bw.e44.data+jt63had.exp_sys.f.eps,D:\Paper\Dimensional_Structural_Describability\Strong_interaction\data\raw\source_tables\01\extracted_candidates\JADE_1997_ARXIV_SOURCE_ARCHIVE_001\bw.e44.data_jt63had.exp_sys.f.eps,True,data_suffix_or_keyword_or_numeric_dense,1824,False,16427,248ae80fea48fd543de13342fc5074e5a909a13b743230fb2428b44272daea31,2026-06-03T07:26:14+00:00
JADE_1997_ARXIV_SOURCE_ARCHIVE_001,JADE_EVENT_SHAPES_22_44GEV,bw.fit35.d.eps,D:\Paper\Dimensional_Structural_Describability\Strong_interaction\data\raw\source_tables\01\extracted_candidates\JADE_1997_ARXIV_SOURCE_ARCHIVE_001\bw.fit35.d.eps,True,data_suffix_or_keyword_or_numeric_dense,1928,False,17336,7269095b8ee6cd7779285a3fbdb488610768a62f89d7a4f9c2fdf6809a2e63b5,2026-06-03T07:26:14+00:00
JADE_1997_ARXIV_SOURCE_ARCHIVE_001,JADE_EVENT_SHAPES_22_44GEV,bw.fit44.d.eps,D:\Paper\Dimensional_Structural_Describability\Strong_interaction\data\raw\source_tables\01\extracted_candidates\JADE_1997_ARXIV_SOURCE_ARCHIVE_001\bw.fit44.d.eps,True,data_suffix_or_keyword_or_numeric_dense,1957,False,17496,f3f54776e4780a018e49b1671aa32a265b4d0ce0c37952646b80e42b282b5e09,2026-06-03T07:26:14+00:00
JADE_1997_ARXIV_SOURCE_ARCHIVE_001,JADE_EVENT_SHAPES_22_44GEV,d2.e35+44_cor.f.eps,D:\Paper\Dimensional_Structural_Describability\Strong_interaction\data\raw\source_tables\01\extracted_candidates\JADE_1997_ARXIV_SOURCE_ARCHIVE_001\d2.e35_44_cor.f.eps,True,data_suffix_or_keyword_or_numeric_dense,1774,False,16479,42915d8d29db9713b46592d435b926e08e4b1f324df28f35172f792e11419c2e,2026-06-03T07:26:14+00:00
JADE_1997_ARXIV_SOURCE_ARCHIVE_001,JADE_EVENT_SHAPES_22_44GEV,d2.fit22.f.eps,D:\Paper\Dimensional_Structural_Describability\Strong_interaction\data\raw\source_tables\01\extracted_candidates\JADE_1997_ARXIV_SOURCE_ARCHIVE_001\d2.fit22.f.eps,True,data_suffix_or_keyword_or_numeric_dense,3044,False,21921,5d2e35301178129f1a9f335d2b83f7575f84c1238da959ae490626b88043c79a,2026-06-03T07:26:14+00:00
JADE_1997_ARXIV_SOURCE_ARCHIVE_001,JADE_EVENT_SHAPES_22_44GEV,d2.fit35.d.eps,D:\Paper\Dimensional_Structural_Describability\Strong_interaction\data\raw\source_tables\01\extracted_candidates\JADE_1997_ARXIV_SOURCE_ARCHIVE_001\d2.fit35.d.eps,True,data_suffix_or_keyword_or_numeric_dense,2001,False,18088,ccc34ebb3bfcdac395dd1a08eeba933ddc9cd32c28bd17f7f2dda421fa2ab166,2026-06-03T07:26:14+00:00
JADE_1997_ARXIV_SOURCE_ARCHIVE_001,JADE_EVENT_SHAPES_22_44GEV,d2.fit44.d.eps,D:\Paper\Dimensional_Structural_Describability\Strong_interaction\data\raw\source_tables\01\extracted_candidates\JADE_1997_ARXIV_SOURCE_ARCHIVE_001\d2.fit44.d.eps,True,data_suffix_or_keyword_or_numeric_dense,2026,False,18264,b2842a32f52f48df76cff73ae169f75f0863b5d21d82e92a956fb23d7443e5b2,2026-06-03T07:26:14+00:00
JADE_1997_ARXIV_SOURCE_ARCHIVE_001,JADE_EVENT_SHAPES_22_44GEV,j2d.e22.data+jt63had.exp_sys.f.eps,D:\Paper\Dimensional_Structural_Describability\Strong_interaction\data\raw\source_tables\01\extracted_candidates\JADE_1997_ARXIV_SOURCE_ARCHIVE_001\j2d.e22.data_jt63had.exp_sys.f.eps,True,data_suffix_or_keyword_or_numeric_dense,2019,False,17911,9e84adf57f1eef5daa06f4070c1c97e7a3b949c812a016b55aaf164d61c9f5a5,2026-06-03T07:26:14+00:00
JADE_1997_ARXIV_SOURCE_ARCHIVE_001,JADE_EVENT_SHAPES_22_44GEV,j2d.e35.data+jt63had.exp_sys.f.eps,D:\Paper\Dimensional_Structural_Describability\Strong_interaction\data\raw\source_tables\01\extracted_candidates\JADE_1997_ARXIV_SOURCE_ARCHIVE_001\j2d.e35.data_jt63had.exp_sys.f.eps,True,data_suffix_or_keyword_or_numeric_dense,1918,False,17293,a38a5f24dc1b2161cb493bc5d58ac77bc1ae77b04db42d1ebe0726e445828aef,2026-06-03T07:26:14+00:00
JADE_1997_ARXIV_SOURCE_ARCHIVE_001,JADE_EVENT_SHAPES_22_44GEV,j2d.e35.data_jt63_detector.d.eps,D:\Paper\Dimensional_Structural_Describability\Strong_interaction\data\raw\source_tables\01\extracted_candidates\JADE_1997_ARXIV_SOURCE_ARCHIVE_001\j2d.e35.data_jt63_detector.d.eps,True,data_suffix_or_keyword_or_numeric_dense,1779,False,16735,02d1d53681e2ef4151ee7f4ebb19706e730bd1293491ebb05604cd2963d454bf,2026-06-03T07:26:14+00:00
JADE_1997_ARXIV_SOURCE_ARCHIVE_001,JADE_EVENT_SHAPES_22_44GEV,j2d.e44.data+jt63had.exp_sys.f.eps,D:\Paper\Dimensional_Structural_Describability\Strong_interaction\data\raw\source_tables\01\extracted_candidates\JADE_1997_ARXIV_SOURCE_ARCHIVE_001\j2d.e44.data_jt63had.exp_sys.f.eps,True,data_suffix_or_keyword_or_numeric_dense,1974,False,17657,ab2aeebe92f78666be40ac2daf149daf272c77a4e013e39d265ebbc0dfcaf020,2026-06-03T07:26:14+00:00
JADE_1997_ARXIV_SOURCE_ARCHIVE_001,JADE_EVENT_SHAPES_22_44GEV,j2d.e44.data_jt63_detector.d.eps,D:\Paper\Dimensional_Structural_Describability\Strong_interaction\data\raw\source_tables\01\extracted_candidates\JADE_1997_ARXIV_SOURCE_ARCHIVE_001\j2d.e44.data_jt63_detector.d.eps,True,data_suffix_or_keyword_or_numeric_dense,1818,False,16977,0ac22373bb3a795c89a4b7019a0e6702fb37df7e8ce2aad01394bce251173833,2026-06-03T07:26:14+00:00
JADE_1997_ARXIV_SOURCE_ARCHIVE_001,JADE_EVENT_SHAPES_22_44GEV,mean_bt.eps,D:\Paper\Dimensional_Structural_Describability\Strong_interaction\data\raw\source_tables\01\extracted_candidates\JADE_1997_ARXIV_SOURCE_ARCHIVE_001\mean_bt.eps,True,data_suffix_or_keyword_or_numeric_dense,2386,False,20516,ce43f94fc62d39b42c8adb19b08c648ff26bd71aceb4271baaafaaf27f870b28,2026-06-03T07:26:14+00:00
JADE_1997_ARXIV_SOURCE_ARCHIVE_001,JADE_EVENT_SHAPES_22_44GEV,mean_bw.eps,D:\Paper\Dimensional_Structural_Describability\Strong_interaction\data\raw\source_tables\01\extracted_candidates\JADE_1997_ARXIV_SOURCE_ARCHIVE_001\mean_bw.eps,True,data_suffix_or_keyword_or_numeric_dense,2277,False,19628,b9c1067df237d299908e81220010d2c6804cc415f90b86a262a61e605fc8735f,2026-06-03T07:26:14+00:00
JADE_1997_ARXIV_SOURCE_ARCHIVE_001,JADE_EVENT_SHAPES_22_44GEV,mean_mh.eps,D:\Paper\Dimensional_Structural_Describability\Strong_interaction\data\raw\source_tables\01\extracted_candidates\JADE_1997_ARXIV_SOURCE_ARCHIVE_001\mean_mh.eps,True,data_suffix_or_keyword_or_numeric_dense,2525,False,21408,c5352f504e13355e0527f6974a4b8459dd40e809f1fcb84b62ad7332e0a442b0,2026-06-03T07:26:14+00:00
JADE_1997_ARXIV_SOURCE_ARCHIVE_001,JADE_EVENT_SHAPES_22_44GEV,mean_thrust.eps,D:\Paper\Dimensional_Structural_Describability\Strong_interaction\data\raw\source_tables\01\extracted_candidates\JADE_1997_ARXIV_SOURCE_ARCHIVE_001\mean_thrust.eps,True,data_suffix_or_keyword_or_numeric_dense,2829,True,23333,94294b57580c490081fab6b881c2c605589e3bba75418379bcb0319e0c8ae5bb,2026-06-03T07:26:14+00:00
JADE_1997_ARXIV_SOURCE_ARCHIVE_001,JADE_EVENT_SHAPES_22_44GEV,mean_y3.eps,D:\Paper\Dimensional_Structural_Describability\Strong_interaction\data\raw\source_tables\01\extracted_candidates\JADE_1997_ARXIV_SOURCE_ARCHIVE_001\mean_y3.eps,True,data_suffix_or_keyword_or_numeric_dense,2092,False,18918,488a8b3d754c4e202e30e95742750f9994cd0c353c72b8d7db6ce4fbba822352,2026-06-03T07:26:14+00:00
JADE_1997_ARXIV_SOURCE_ARCHIVE_001,JADE_EVENT_SHAPES_22_44GEV,mht.e35.data+jt63had.exp_sys.f.eps,D:\Paper\Dimensional_Structural_Describability\Strong_interaction\data\raw\source_tables\01\extracted_candidates\JADE_1997_ARXIV_SOURCE_ARCHIVE_001\mht.e35.data_jt63had.exp_sys.f.eps,True,data_suffix_or_keyword_or_numeric_dense,2012,False,18968,31a0e9a53405b04fc67d92054685ae1c8063be5602389c41be18121cf82e50e2,2026-06-03T07:26:14+00:00
JADE_1997_ARXIV_SOURCE_ARCHIVE_001,JADE_EVENT_SHAPES_22_44GEV,mht.e44.data+jt63had.exp_sys.f.eps,D:\Paper\Dimensional_Structural_Describability\Strong_interaction\data\raw\source_tables\01\extracted_candidates\JADE_1997_ARXIV_SOURCE_ARCHIVE_001\mht.e44.data_jt63had.exp_sys.f.eps,True,data_suffix_or_keyword_or_numeric_dense,2046,False,19174,0bf7001c512c04f84465d32919b3ff011ba318714aa5129e669302b1a30e7818,2026-06-03T07:26:14+00:00
JADE_1997_ARXIV_SOURCE_ARCHIVE_001,JADE_EVENT_SHAPES_22_44GEV,mht.fit35.f.eps,D:\Paper\Dimensional_Structural_Describability\Strong_interaction\data\raw\source_tables\01\extracted_candidates\JADE_1997_ARXIV_SOURCE_ARCHIVE_001\mht.fit35.f.eps,True,data_suffix_or_keyword_or_numeric_dense,2201,False,20081,f8b2bb504a38da3ef0e8ae2ea7030b54a991f9cbe273edf5ed07a2b4e824f874,2026-06-03T07:26:14+00:00
JADE_1997_ARXIV_SOURCE_ARCHIVE_001,JADE_EVENT_SHAPES_22_44GEV,mht.fit44.f.eps,D:\Paper\Dimensional_Structural_Describability\Strong_interaction\data\raw\source_tables\01\extracted_candidates\JADE_1997_ARXIV_SOURCE_ARCHIVE_001\mht.fit44.f.eps,True,data_suffix_or_keyword_or_numeric_dense,2210,False,20145,3d9d59debf64fb0fc786f2adcf35e19ebcaaabb04839cf064fc4f7f6386e06f9,2026-06-03T07:26:14+00:00
JADE_1997_ARXIV_SOURCE_ARCHIVE_001,JADE_EVENT_SHAPES_22_44GEV,thr.e35.data+jt63had.exp_sys.f.eps,D:\Paper\Dimensional_Structural_Describability\Strong_interaction\data\raw\source_tables\01\extracted_candidates\JADE_1997_ARXIV_SOURCE_ARCHIVE_001\thr.e35.data_jt63had.exp_sys.f.eps,True,data_suffix_or_keyword_or_numeric_dense,2044,False,17927,9a767c3c06703a7d95a5d730c79d78f7a0de8b542206aad99f4794d3dcf28810,2026-06-03T07:26:14+00:00
JADE_1997_ARXIV_SOURCE_ARCHIVE_001,JADE_EVENT_SHAPES_22_44GEV,thr.e35.data_jt63_detector.d.eps,D:\Paper\Dimensional_Structural_Describability\Strong_interaction\data\raw\source_tables\01\extracted_candidates\JADE_1997_ARXIV_SOURCE_ARCHIVE_001\thr.e35.data_jt63_detector.d.eps,True,data_suffix_or_keyword_or_numeric_dense,1852,False,16977,7eb917eec120018a5a02890e9b95d050e75bc1d55e18e3e0afc0bdc9502a9844,2026-06-03T07:26:14+00:00
JADE_1997_ARXIV_SOURCE_ARCHIVE_001,JADE_EVENT_SHAPES_22_44GEV,thr.e44.data+jt63had.exp_sys.f.eps,D:\Paper\Dimensional_Structural_Describability\Strong_interaction\data\raw\source_tables\01\extracted_candidates\JADE_1997_ARXIV_SOURCE_ARCHIVE_001\thr.e44.data_jt63had.exp_sys.f.eps,True,data_suffix_or_keyword_or_numeric_dense,2085,False,18193,63cbf0800e62c91a81c89e774f0bef8a2bc8076763441fa8ec3baf256433060c,2026-06-03T07:26:14+00:00
JADE_1997_ARXIV_SOURCE_ARCHIVE_001,JADE_EVENT_SHAPES_22_44GEV,thr.e44.data_jt63_detector.d.eps,D:\Paper\Dimensional_Structural_Describability\Strong_interaction\data\raw\source_tables\01\extracted_candidates\JADE_1997_ARXIV_SOURCE_ARCHIVE_001\thr.e44.data_jt63_detector.d.eps,True,data_suffix_or_keyword_or_numeric_dense,1878,False,17143,841c26b37f7475bc011fd4e757da6719bcd6aa00822d9ccfa960021c23ffbbf5,2026-06-03T07:26:14+00:00
JADE_1997_ARXIV_SOURCE_ARCHIVE_001,JADE_EVENT_SHAPES_22_44GEV,thr.fit35.d.eps,D:\Paper\Dimensional_Structural_Describability\Strong_interaction\data\raw\source_tables\01\extracted_candidates\JADE_1997_ARXIV_SOURCE_ARCHIVE_001\thr.fit35.d.eps,True,data_suffix_or_keyword_or_numeric_dense,1956,False,17265,9f17fd5c6001b0023b7685266675ccc3c1a804d9ec21215f3952e6815c985ec8,2026-06-03T07:26:14+00:00
JADE_1997_ARXIV_SOURCE_ARCHIVE_001,JADE_EVENT_SHAPES_22_44GEV,thr.fit44.d.eps,D:\Paper\Dimensional_Structural_Describability\Strong_interaction\data\raw\source_tables\01\extracted_candidates\JADE_1997_ARXIV_SOURCE_ARCHIVE_001\thr.fit44.d.eps,True,data_suffix_or_keyword_or_numeric_dense,1984,False,17467,b8675d36dd56cfcda0e015510e9178078f49a4df777b1b356599f95cf37dc808,2026-06-03T07:26:14+00:00
L3_2009_ARXIV_SOURCE_ARCHIVE_001,L3_FLAVOUR_TAGGED_EVENT_SHAPE_197GEV,l3_2009_flavour_event_shapes_arxiv_source_raw_001.bin,D:\Paper\Dimensional_Structural_Describability\Strong_interaction\data\raw\source_tables\01\extracted_candidates\L3_2009_ARXIV_SOURCE_ARCHIVE_001\l3_2009_flavour_event_shapes_arxiv_source_raw_001.bin.txt,True,data_suffix_or_keyword_or_numeric_dense,27204,True,512053,86b3440858ac7b25e296ca777a8162472af902d5a6fcf2c29d09e2c7ab69e657,2026-06-03T07:26:15+00:00
DELPHI_2025_ARXIV_SOURCE_ARCHIVE_001,DELPHI_OPEN_DATA_THRUST_EEC_NOTE_2025,00README.json,D:\Paper\Dimensional_Structural_Describability\Strong_interaction\data\raw\source_tables\01\extracted_candidates\DELPHI_2025_ARXIV_SOURCE_ARCHIVE_001\00README.json,True,data_suffix_or_keyword_or_numeric_dense,2,True,369,6e57fb9414999a10b12f2f80449339d5f3f6eed81fbafb03a3fae542e580d12f,2026-06-03T07:26:16+00:00
DELPHI_2025_ARXIV_SOURCE_ARCHIVE_001,DELPHI_OPEN_DATA_THRUST_EEC_NOTE_2025,belle2sym.tex,D:\Paper\Dimensional_Structural_Describability\Strong_interaction\data\raw\source_tables\01\extracted_candidates\DELPHI_2025_ARXIV_SOURCE_ARCHIVE_001\belle2sym.tex,True,data_suffix_or_keyword_or_numeric_dense,104,False,14036,a6f29bb16e3020b7cd91b1bae9c23ff5f5265f6dc28729886235c59513621c20,2026-06-03T07:26:16+00:00
DELPHI_2025_ARXIV_SOURCE_ARCHIVE_001,DELPHI_OPEN_DATA_THRUST_EEC_NOTE_2025,EEC.bbl,D:\Paper\Dimensional_Structural_Describability\Strong_interaction\data\raw\source_tables\01\extracted_candidates\DELPHI_2025_ARXIV_SOURCE_ARCHIVE_001\EEC.bbl,True,data_suffix_or_keyword_or_numeric_dense,548,True,17759,33130b84530f3ebf3fd6b7165511c09ad2fa0f7641e76188067ee67c0996670a,2026-06-03T07:26:16+00:00
DELPHI_2025_ARXIV_SOURCE_ARCHIVE_001,DELPHI_OPEN_DATA_THRUST_EEC_NOTE_2025,EEC.bib,D:\Paper\Dimensional_Structural_Describability\Strong_interaction\data\raw\source_tables\01\extracted_candidates\DELPHI_2025_ARXIV_SOURCE_ARCHIVE_001\EEC.bib,True,data_suffix_or_keyword_or_numeric_dense,2358,True,130850,3da64a22ff3a3c63cb4d238fb2300a296979671811349fb41ac409137df6e07f,2026-06-03T07:26:16+00:00
DELPHI_2025_ARXIV_SOURCE_ARCHIVE_001,DELPHI_OPEN_DATA_THRUST_EEC_NOTE_2025,EEC.tex,D:\Paper\Dimensional_Structural_Describability\Strong_interaction\data\raw\source_tables\01\extracted_candidates\DELPHI_2025_ARXIV_SOURCE_ARCHIVE_001\EEC.tex,True,data_suffix_or_keyword_or_numeric_dense,1252,True,147486,ea89cb9b42763c8f9804f28115f583873497335c73e5ec26e70bb6c137fe2ef3,2026-06-03T07:26:16+00:00
DELPHI_2025_ARXIV_SOURCE_ARCHIVE_001,DELPHI_OPEN_DATA_THRUST_EEC_NOTE_2025,figures/Unfolding/response_matrix.png,D:\Paper\Dimensional_Structural_Describability\Strong_interaction\data\raw\source_tables\01\extracted_candidates\DELPHI_2025_ARXIV_SOURCE_ARCHIVE_001\figures__Unfolding__response_matrix.png,True,data_suffix_or_keyword_or_numeric_dense,20118,True,548362,59d6750428d02de17509e78f9947db0b12bbe41284db1edb841a175534ce844a,2026-06-03T07:26:16+00:00
DELPHI_2025_ARXIV_SOURCE_ARCHIVE_001,DELPHI_OPEN_DATA_THRUST_EEC_NOTE_2025,figures/Unfolding/EEC_unf_size.png,D:\Paper\Dimensional_Structural_Describability\Strong_interaction\data\raw\source_tables\01\extracted_candidates\DELPHI_2025_ARXIV_SOURCE_ARCHIVE_001\figures__Unfolding__EEC_unf_size.png,True,data_suffix_or_keyword_or_numeric_dense,1468,False,44131,1472fc4a4974d61b9729856eaafc1fd0c6f737277659e2a126c053ee94e4c161,2026-06-03T07:26:16+00:00
DELPHI_2025_ARXIV_SOURCE_ARCHIVE_001,DELPHI_OPEN_DATA_THRUST_EEC_NOTE_2025,figures/Unfolding/EEC_unf_eff_size.png,D:\Paper\Dimensional_Structural_Describability\Strong_interaction\data\raw\source_tables\01\extracted_candidates\DELPHI_2025_ARXIV_SOURCE_ARCHIVE_001\figures__Unfolding__EEC_unf_eff_size.png,True,data_suffix_or_keyword_or_numeric_dense,1520,False,47142,8f596cc39a9d02d504cb5715cd0b2c7e37c5db8085a0371a2b0632c513beb962,2026-06-03T07:26:16+00:00
DELPHI_2025_ARXIV_SOURCE_ARCHIVE_001,DELPHI_OPEN_DATA_THRUST_EEC_NOTE_2025,figures/Unfolding/EEC_fake_size.png,D:\Paper\Dimensional_Structural_Describability\Strong_interaction\data\raw\source_tables\01\extracted_candidates\DELPHI_2025_ARXIV_SOURCE_ARCHIVE_001\figures__Unfolding__EEC_fake_size.png,True,data_suffix_or_keyword_or_numeric_dense,1540,False,45360,5c839cde236da7189d404bf92c0dc700330a2a0d48395fde7dd865017922ddc0,2026-06-03T07:26:16+00:00
DELPHI_2025_ARXIV_SOURCE_ARCHIVE_001,DELPHI_OPEN_DATA_THRUST_EEC_NOTE_2025,figures/Unfolding/EEC_trk_fake_uncert.png,D:\Paper\Dimensional_Structural_Describability\Strong_interaction\data\raw\source_tables\01\extracted_candidates\DELPHI_2025_ARXIV_SOURCE_ARCHIVE_001\figures__Unfolding__EEC_trk_fake_uncert.png,True,data_suffix_or_keyword_or_numeric_dense,1394,False,42809,15712a0b0d966aad6b3aa2c5c88d43dc17ca1541fb2cba3e961ecdac87013bfe,2026-06-03T07:26:16+00:00
DELPHI_2025_ARXIV_SOURCE_ARCHIVE_001,DELPHI_OPEN_DATA_THRUST_EEC_NOTE_2025,figures/Unfolding/EEC_unf_only_size.png,D:\Paper\Dimensional_Structural_Describability\Strong_interaction\data\raw\source_tables\01\extracted_candidates\DELPHI_2025_ARXIV_SOURCE_ARCHIVE_001\figures__Unfolding__EEC_unf_only_size.png,True,data_suffix_or_keyword_or_numeric_dense,1567,False,47659,3dc1faf4ba434fd5ec4aa2baec2d9babd570d9e7d931963a7624de56d6ac387e,2026-06-03T07:26:16+00:00
DELPHI_2025_ARXIV_SOURCE_ARCHIVE_001,DELPHI_OPEN_DATA_THRUST_EEC_NOTE_2025,figures/Unfolding/EEC_trk_eff_uncert.png,D:\Paper\Dimensional_Structural_Describability\Strong_interaction\data\raw\source_tables\01\extracted_candidates\DELPHI_2025_ARXIV_SOURCE_ARCHIVE_001\figures__Unfolding__EEC_trk_eff_uncert.png,True,data_suffix_or_keyword_or_numeric_dense,1581,False,47015,a4ca03423cc1ed968059f229e9687d0fa0bc8541027ae78035f1939421c8a6dd,2026-06-03T07:26:16+00:00
DELPHI_2025_ARXIV_SOURCE_ARCHIVE_001,DELPHI_OPEN_DATA_THRUST_EEC_NOTE_2025,figures/Unfolding/EEC_trk_scale_uncert.png,D:\Paper\Dimensional_Structural_Describability\Strong_interaction\data\raw\source_tables\01\extracted_candidates\DELPHI_2025_ARXIV_SOURCE_ARCHIVE_001\figures__Unfolding__EEC_trk_scale_uncert.png,True,data_suffix_or_keyword_or_numeric_dense,1463,False,45822,208172e3d719c10c0146e20947e4a117ed40d8f5c1b66010ad6ba25661bdb868,2026-06-03T07:26:16+00:00
DELPHI_2025_ARXIV_SOURCE_ARCHIVE_001,DELPHI_OPEN_DATA_THRUST_EEC_NOTE_2025,figures/Overview/Thrust-examples.pdf,D:\Paper\Dimensional_Structural_Describability\Strong_interaction\data\raw\source_tables\01\extracted_candidates\DELPHI_2025_ARXIV_SOURCE_ARCHIVE_001\figures__Overview__Thrust-examples.pdf,True,data_suffix_or_keyword_or_numeric_dense,5157,True,151176,ed9f52d5bb49eca75092940e60391de3df17bd3dbc72a8db350f2173334209f8,2026-06-03T07:26:16+00:00
DELPHI_2025_ARXIV_SOURCE_ARCHIVE_001,DELPHI_OPEN_DATA_THRUST_EEC_NOTE_2025,figures/Overview/EEC-examples_z.pdf,D:\Paper\Dimensional_Structural_Describability\Strong_interaction\data\raw\source_tables\01\extracted_candidates\DELPHI_2025_ARXIV_SOURCE_ARCHIVE_001\figures__Overview__EEC-examples_z.pdf,True,data_suffix_or_keyword_or_numeric_dense,4857,True,142193,acedd6b2157f4faa3c744a1a608f0e453b18fb4dd8cd7670dbcecf2377444a30,2026-06-03T07:26:16+00:00
DELPHI_2025_ARXIV_SOURCE_ARCHIVE_001,DELPHI_OPEN_DATA_THRUST_EEC_NOTE_2025,figures/Overview/EEC-examples.pdf,D:\Paper\Dimensional_Structural_Describability\Strong_interaction\data\raw\source_tables\01\extracted_candidates\DELPHI_2025_ARXIV_SOURCE_ARCHIVE_001\figures__Overview__EEC-examples.pdf,True,data_suffix_or_keyword_or_numeric_dense,4761,True,135172,56b8dc96579a8cbbc26af4b5548382b72105aa13fd858fb2567095fe0038632f,2026-06-03T07:26:16+00:00
DELPHI_2025_ARXIV_SOURCE_ARCHIVE_001,DELPHI_OPEN_DATA_THRUST_EEC_NOTE_2025,figures/Overview/delphi.pdf,D:\Paper\Dimensional_Structural_Describability\Strong_interaction\data\raw\source_tables\01\extracted_candidates\DELPHI_2025_ARXIV_SOURCE_ARCHIVE_001\figures__Overview__delphi.pdf,True,data_suffix_or_keyword_or_numeric_dense,32424,True,786764,74a57c4eec184f37a203150c283e29c3c95c1e19c7149e6ed1c90c7935c35608,2026-06-03T07:26:16+00:00
DELPHI_2025_ARXIV_SOURCE_ARCHIVE_001,DELPHI_OPEN_DATA_THRUST_EEC_NOTE_2025,figures/Overview/Analysis-Flow.png,D:\Paper\Dimensional_Structural_Describability\Strong_interaction\data\raw\source_tables\01\extracted_candidates\DELPHI_2025_ARXIV_SOURCE_ARCHIVE_001\figures__Overview__Analysis-Flow.png,True,data_suffix_or_keyword_or_numeric_dense,3490,False,114830,5f9fe9c34104d8ec6b8392cf28abf6e81385a33fd4a180da9162eb6816f95e34,2026-06-03T07:26:16+00:00
DELPHI_2025_ARXIV_SOURCE_ARCHIVE_001,DELPHI_OPEN_DATA_THRUST_EEC_NOTE_2025,figures/EffCorrections/EEC_sele_corr.png,D:\Paper\Dimensional_Structural_Describability\Strong_interaction\data\raw\source_tables\01\extracted_candidates\DELPHI_2025_ARXIV_SOURCE_ARCHIVE_001\figures__EffCorrections__EEC_sele_corr.png,True,data_suffix_or_keyword_or_numeric_dense,2452,False,74587,4e5c8795a73eeb36a541fe4788732e6202a211e1141023515092e6a8f7d2bd14,2026-06-03T07:26:16+00:00
DELPHI_2025_ARXIV_SOURCE_ARCHIVE_001,DELPHI_OPEN_DATA_THRUST_EEC_NOTE_2025,figures/EffCorrections/EEC_sele_corr_size.png,D:\Paper\Dimensional_Structural_Describability\Strong_interaction\data\raw\source_tables\01\extracted_candidates\DELPHI_2025_ARXIV_SOURCE_ARCHIVE_001\figures__EffCorrections__EEC_sele_corr_size.png,True,data_suffix_or_keyword_or_numeric_dense,1557,False,47936,624f013ff038776557c275d605a020744d677390aac4fb49a095865d3ecb020f,2026-06-03T07:26:16+00:00
DELPHI_2025_ARXIV_SOURCE_ARCHIVE_001,DELPHI_OPEN_DATA_THRUST_EEC_NOTE_2025,figures/EffCorrections/EEC_binning_corr.png,D:\Paper\Dimensional_Structural_Describability\Strong_interaction\data\raw\source_tables\01\extracted_candidates\DELPHI_2025_ARXIV_SOURCE_ARCHIVE_001\figures__EffCorrections__EEC_binning_corr.png,True,data_suffix_or_keyword_or_numeric_dense,2061,False,61727,f21b0cea864e4a519a8c4053c07b91dfd07cf07c2cd40ea8abc2ce93ab96c7d6,2026-06-03T07:26:16+00:00
DELPHI_2025_ARXIV_SOURCE_ARCHIVE_001,DELPHI_OPEN_DATA_THRUST_EEC_NOTE_2025,figures/EffCorrections/EEC_binning_corr_size.png,D:\Paper\Dimensional_Structural_Describability\Strong_interaction\data\raw\source_tables\01\extracted_candidates\DELPHI_2025_ARXIV_SOURCE_ARCHIVE_001\figures__EffCorrections__EEC_binning_corr_size.png,True,data_suffix_or_keyword_or_numeric_dense,1361,False,43433,53a184337e3516f9a6c53d8b4af1b6dcee38e4ce2ee024da110d8763c407c8b5,2026-06-03T07:26:16+00:00
DELPHI_2025_ARXIV_SOURCE_ARCHIVE_001,DELPHI_OPEN_DATA_THRUST_EEC_NOTE_2025,figures/EffCorrections/EEC_unf_match.png,D:\Paper\Dimensional_Structural_Describability\Strong_interaction\data\raw\source_tables\01\extracted_candidates\DELPHI_2025_ARXIV_SOURCE_ARCHIVE_001\figures__EffCorrections__EEC_unf_match.png,True,data_suffix_or_keyword_or_numeric_dense,2057,False,64744,50b04195361c882c18e45b98c61badf61896d0738e999c2c1625043912a1ea72,2026-06-03T07:26:16+00:00
DELPHI_2025_ARXIV_SOURCE_ARCHIVE_001,DELPHI_OPEN_DATA_THRUST_EEC_NOTE_2025,figures/EffCorrections/EEC_unf_model.png,D:\Paper\Dimensional_Structural_Describability\Strong_interaction\data\raw\source_tables\01\extracted_candidates\DELPHI_2025_ARXIV_SOURCE_ARCHIVE_001\figures__EffCorrections__EEC_unf_model.png,True,data_suffix_or_keyword_or_numeric_dense,2602,False,75210,ceef9fa4959fde1bcde6dfce0a71cf6a87a12c53c89530430018084894565320,2026-06-03T07:26:16+00:00
DELPHI_2025_ARXIV_SOURCE_ARCHIVE_001,DELPHI_OPEN_DATA_THRUST_EEC_NOTE_2025,figures/EffCorrections/EEC_systs.png,D:\Paper\Dimensional_Structural_Describability\Strong_interaction\data\raw\source_tables\01\extracted_candidates\DELPHI_2025_ARXIV_SOURCE_ARCHIVE_001\figures__EffCorrections__EEC_systs.png,True,data_suffix_or_keyword_or_numeric_dense,3998,True,106000,dc9f778daeffbd29ded6d11ecee74fd97fddca25ce1d3e8649546259daa2a7f7,2026-06-03T07:26:16+00:00
DELPHI_2025_ARXIV_SOURCE_ARCHIVE_001,DELPHI_OPEN_DATA_THRUST_EEC_NOTE_2025,figures/EffCorrections/EEC_unf_iter.png,D:\Paper\Dimensional_Structural_Describability\Strong_interaction\data\raw\source_tables\01\extracted_candidates\DELPHI_2025_ARXIV_SOURCE_ARCHIVE_001\figures__EffCorrections__EEC_unf_iter.png,True,data_suffix_or_keyword_or_numeric_dense,1805,False,55385,6364c7531aeeb586eb1807f1484d84daf353d7658ae45921f29b5b53418eeb4a,2026-06-03T07:26:16+00:00
DELPHI_2025_ARXIV_SOURCE_ARCHIVE_001,DELPHI_OPEN_DATA_THRUST_EEC_NOTE_2025,figures/EffCorrections/EEC_systs_1995.png,D:\Paper\Dimensional_Structural_Describability\Strong_interaction\data\raw\source_tables\01\extracted_candidates\DELPHI_2025_ARXIV_SOURCE_ARCHIVE_001\figures__EffCorrections__EEC_systs_1995.png,True,data_suffix_or_keyword_or_numeric_dense,4292,False,112048,abe00c82c63c99df799d2d67a607bfd02dd12fdd1327f317cfb3c9babf6fab45,2026-06-03T07:26:16+00:00
DELPHI_2025_ARXIV_SOURCE_ARCHIVE_001,DELPHI_OPEN_DATA_THRUST_EEC_NOTE_2025,figures/EffCorrections/EEC_sele_corr_1995.png,D:\Paper\Dimensional_Structural_Describability\Strong_interaction\data\raw\source_tables\01\extracted_candidates\DELPHI_2025_ARXIV_SOURCE_ARCHIVE_001\figures__EffCorrections__EEC_sele_corr_1995.png,True,data_suffix_or_keyword_or_numeric_dense,2241,False,65710,1e8ffa879956fff243e116eb36190d9a2de2904f2da1c41c1ad8324f9888d30d,2026-06-03T07:26:16+00:00
DELPHI_2025_ARXIV_SOURCE_ARCHIVE_001,DELPHI_OPEN_DATA_THRUST_EEC_NOTE_2025,figures/EffCorrections/EEC_unf_model_1995.png,D:\Paper\Dimensional_Structural_Describability\Strong_interaction\data\raw\source_tables\01\extracted_candidates\DELPHI_2025_ARXIV_SOURCE_ARCHIVE_001\figures__EffCorrections__EEC_unf_model_1995.png,True,data_suffix_or_keyword_or_numeric_dense,2211,False,66376,4443dae44346530c43b146b64d314b6619e9e7ef4fdabc1deb7203b0c1847ce4,2026-06-03T07:26:16+00:00
DELPHI_2025_ARXIV_SOURCE_ARCHIVE_001,DELPHI_OPEN_DATA_THRUST_EEC_NOTE_2025,figures/Results/Thrust_Delphi_result_1994.png,D:\Paper\Dimensional_Structural_Describability\Strong_interaction\data\raw\source_tables\01\extracted_candidates\DELPHI_2025_ARXIV_SOURCE_ARCHIVE_001\figures__Results__Thrust_Delphi_result_1994.png,True,data_suffix_or_keyword_or_numeric_dense,1624,False,51726,81d15177612504a02a365a8179e8216ff1c8f6bf64539b552dcd04ae683be87e,2026-06-03T07:26:16+00:00
DELPHI_2025_ARXIV_SOURCE_ARCHIVE_001,DELPHI_OPEN_DATA_THRUST_EEC_NOTE_2025,figures/Results/Thrust_log_result_1995.png,D:\Paper\Dimensional_Structural_Describability\Strong_interaction\data\raw\source_tables\01\extracted_candidates\DELPHI_2025_ARXIV_SOURCE_ARCHIVE_001\figures__Results__Thrust_log_result_1995.png,True,data_suffix_or_keyword_or_numeric_dense,2263,False,67548,3aed0aaa1105e4acab73e0022aac9806dfe43d8b45e43ebf9dfa65cabb0fff97,2026-06-03T07:26:16+00:00
DELPHI_2025_ARXIV_SOURCE_ARCHIVE_001,DELPHI_OPEN_DATA_THRUST_EEC_NOTE_2025,figures/Results/Thrust_log_result_1994.png,D:\Paper\Dimensional_Structural_Describability\Strong_interaction\data\raw\source_tables\01\extracted_candidates\DELPHI_2025_ARXIV_SOURCE_ARCHIVE_001\figures__Results__Thrust_log_result_1994.png,True,data_suffix_or_keyword_or_numeric_dense,2233,False,66950,47ca9298cc02a8be1f251b1cca343b1822072d6bf2cb6cbd7a087195bd0d43cc,2026-06-03T07:26:16+00:00
DELPHI_2025_ARXIV_SOURCE_ARCHIVE_001,DELPHI_OPEN_DATA_THRUST_EEC_NOTE_2025,figures/Results/Thrust_Delphi_result_1995.png,D:\Paper\Dimensional_Structural_Describability\Strong_interaction\data\raw\source_tables\01\extracted_candidates\DELPHI_2025_ARXIV_SOURCE_ARCHIVE_001\figures__Results__Thrust_Delphi_result_1995.png,True,data_suffix_or_keyword_or_numeric_dense,1528,False,51688,5f5a821edcad3a60355450e3ae61051826417b56388b9e895e79b5f617d93c44,2026-06-03T07:26:16+00:00
DELPHI_2025_ARXIV_SOURCE_ARCHIVE_001,DELPHI_OPEN_DATA_THRUST_EEC_NOTE_2025,figures/Results/EEC_result_r_1995.png,D:\Paper\Dimensional_Structural_Describability\Strong_interaction\data\raw\source_tables\01\extracted_candidates\DELPHI_2025_ARXIV_SOURCE_ARCHIVE_001\figures__Results__EEC_result_r_1995.png,True,data_suffix_or_keyword_or_numeric_dense,3306,False,92354,3facd99af86fdaa02459c35c4b279242a8aacd37065bb5048a212a8dda3fc502,2026-06-03T07:26:16+00:00
DELPHI_2025_ARXIV_SOURCE_ARCHIVE_001,DELPHI_OPEN_DATA_THRUST_EEC_NOTE_2025,figures/Results/Thrust_Delphi_comp.png,D:\Paper\Dimensional_Structural_Describability\Strong_interaction\data\raw\source_tables\01\extracted_candidates\DELPHI_2025_ARXIV_SOURCE_ARCHIVE_001\figures__Results__Thrust_Delphi_comp.png,True,data_suffix_or_keyword_or_numeric_dense,1963,False,61528,793b91ad20596e71e7a6261cc46f1cf14b6a3dbd0a5c0fd62dcec4b4cb5ddedc,2026-06-03T07:26:16+00:00
DELPHI_2025_ARXIV_SOURCE_ARCHIVE_001,DELPHI_OPEN_DATA_THRUST_EEC_NOTE_2025,figures/Results/EEC_result_z_1994.png,D:\Paper\Dimensional_Structural_Describability\Strong_interaction\data\raw\source_tables\01\extracted_candidates\DELPHI_2025_ARXIV_SOURCE_ARCHIVE_001\figures__Results__EEC_result_z_1994.png,True,data_suffix_or_keyword_or_numeric_dense,2913,False,82552,420d2f071fb4a0810307a5902e9aa6d23ba50432afd25e1a2940633cac743973,2026-06-03T07:26:16+00:00
DELPHI_2025_ARXIV_SOURCE_ARCHIVE_001,DELPHI_OPEN_DATA_THRUST_EEC_NOTE_2025,figures/Results/EEC_result_z_1995.png,D:\Paper\Dimensional_Structural_Describability\Strong_interaction\data\raw\source_tables\01\extracted_candidates\DELPHI_2025_ARXIV_SOURCE_ARCHIVE_001\figures__Results__EEC_result_z_1995.png,True,data_suffix_or_keyword_or_numeric_dense,2788,False,84397,b095a0d5f5737c207b4c81ab907258a8fab57837e44bb8c102145a864c0b635b,2026-06-03T07:26:16+00:00
DELPHI_2025_ARXIV_SOURCE_ARCHIVE_001,DELPHI_OPEN_DATA_THRUST_EEC_NOTE_2025,figures/Results/EEC_result_r_1994.png,D:\Paper\Dimensional_Structural_Describability\Strong_interaction\data\raw\source_tables\01\extracted_candidates\DELPHI_2025_ARXIV_SOURCE_ARCHIVE_001\figures__Results__EEC_result_r_1994.png,True,data_suffix_or_keyword_or_numeric_dense,3138,False,90438,87ab64e8fe051206042fbcd789e518e423c04218ea9864d8438fd55544936be9,2026-06-03T07:26:16+00:00
DELPHI_2025_ARXIV_SOURCE_ARCHIVE_001,DELPHI_OPEN_DATA_THRUST_EEC_NOTE_2025,figures/Results/EEC_result_z_combined.png,D:\Paper\Dimensional_Structural_Describability\Strong_interaction\data\raw\source_tables\01\extracted_candidates\DELPHI_2025_ARXIV_SOURCE_ARCHIVE_001\figures__Results__EEC_result_z_combined.png,True,data_suffix_or_keyword_or_numeric_dense,2775,False,81549,312f67c2e8bc0a918a74df1d631fe6223a45c25d6cd840b5e1e7e0a7f5255b1c,2026-06-03T07:26:16+00:00
DELPHI_2025_ARXIV_SOURCE_ARCHIVE_001,DELPHI_OPEN_DATA_THRUST_EEC_NOTE_2025,figures/Results/EEC_DELPHI_EPJC_2000.png,D:\Paper\Dimensional_Structural_Describability\Strong_interaction\data\raw\source_tables\01\extracted_candidates\DELPHI_2025_ARXIV_SOURCE_ARCHIVE_001\figures__Results__EEC_DELPHI_EPJC_2000.png,True,data_suffix_or_keyword_or_numeric_dense,1039,False,32719,bb5f05bf7b42114878d0003fe18ca945617239fa672e07f65f84219613d2dcb0,2026-06-03T07:26:16+00:00
DELPHI_2025_ARXIV_SOURCE_ARCHIVE_001,DELPHI_OPEN_DATA_THRUST_EEC_NOTE_2025,figures/Results/EEC_result_r_combined.png,D:\Paper\Dimensional_Structural_Describability\Strong_interaction\data\raw\source_tables\01\extracted_candidates\DELPHI_2025_ARXIV_SOURCE_ARCHIVE_001\figures__Results__EEC_result_r_combined.png,True,data_suffix_or_keyword_or_numeric_dense,3176,False,89458,7a807b401c6c9f4eb8bb82aac0da496054a7b3ffe859ea3b519fc8ca2e8a0838,2026-06-03T07:26:16+00:00
DELPHI_2025_ARXIV_SOURCE_ARCHIVE_001,DELPHI_OPEN_DATA_THRUST_EEC_NOTE_2025,figures/Results/Thrust_C_Delphi_comp.png,D:\Paper\Dimensional_Structural_Describability\Strong_interaction\data\raw\source_tables\01\extracted_candidates\DELPHI_2025_ARXIV_SOURCE_ARCHIVE_001\figures__Results__Thrust_C_Delphi_comp.png,True,data_suffix_or_keyword_or_numeric_dense,1322,False,45148,8c187187ee4125547f5f90cc1373bbbbaad67cf4b7adbb860ffd76b2fbb088eb,2026-06-03T07:26:16+00:00
DELPHI_2025_ARXIV_SOURCE_ARCHIVE_001,DELPHI_OPEN_DATA_THRUST_EEC_NOTE_2025,figures/Results/ee-logo.pdf,D:\Paper\Dimensional_Structural_Describability\Strong_interaction\data\raw\source_tables\01\extracted_candidates\DELPHI_2025_ARXIV_SOURCE_ARCHIVE_001\figures__Results__ee-logo.pdf,True,data_suffix_or_keyword_or_numeric_dense,585,True,14737,a012d2d1d08ed548f96aa0bb87281174a21f1092039d5e605fbb950e0e26e1ca,2026-06-03T07:26:16+00:00
DELPHI_2025_ARXIV_SOURCE_ARCHIVE_001,DELPHI_OPEN_DATA_THRUST_EEC_NOTE_2025,figures/Matching/MatchedPairCartoon.pdf,D:\Paper\Dimensional_Structural_Describability\Strong_interaction\data\raw\source_tables\01\extracted_candidates\DELPHI_2025_ARXIV_SOURCE_ARCHIVE_001\figures__Matching__MatchedPairCartoon.pdf,True,data_suffix_or_keyword_or_numeric_dense,3312,True,79670,b1747000f74eea1fcf1b9992c9d13df92db2512ed95bb142fb6b7bdf941a788f,2026-06-03T07:26:16+00:00
DELPHI_2025_ARXIV_SOURCE_ARCHIVE_001,DELPHI_OPEN_DATA_THRUST_EEC_NOTE_2025,figures/Matching/trk_res_phi.png,D:\Paper\Dimensional_Structural_Describability\Strong_interaction\data\raw\source_tables\01\extracted_candidates\DELPHI_2025_ARXIV_SOURCE_ARCHIVE_001\figures__Matching__trk_res_phi.png,True,data_suffix_or_keyword_or_numeric_dense,2101,False,61887,4a87525f82882f7bd6bd0fc3b75b30920a2fb4fb13b2dd851374749430a54a41,2026-06-03T07:26:16+00:00
DELPHI_2025_ARXIV_SOURCE_ARCHIVE_001,DELPHI_OPEN_DATA_THRUST_EEC_NOTE_2025,figures/Matching/trk_res_theta.png,D:\Paper\Dimensional_Structural_Describability\Strong_interaction\data\raw\source_tables\01\extracted_candidates\DELPHI_2025_ARXIV_SOURCE_ARCHIVE_001\figures__Matching__trk_res_theta.png,True,data_suffix_or_keyword_or_numeric_dense,1855,True,53789,f3f0ccb2294bfd4eb7cfcc9ceee96213f2cdaca28e768401b43d7b883be111b6,2026-06-03T07:26:16+00:00
DELPHI_2025_ARXIV_SOURCE_ARCHIVE_001,DELPHI_OPEN_DATA_THRUST_EEC_NOTE_2025,figures/Matching/trk_fake_theta_pythia.png,D:\Paper\Dimensional_Structural_Describability\Strong_interaction\data\raw\source_tables\01\extracted_candidates\DELPHI_2025_ARXIV_SOURCE_ARCHIVE_001\figures__Matching__trk_fake_theta_pythia.png,True,data_suffix_or_keyword_or_numeric_dense,1235,False,36907,578252764dba5dbc8b567698b1282ab3b3e8708ce8789503c37722f6aff8d30e,2026-06-03T07:26:16+00:00
DELPHI_2025_ARXIV_SOURCE_ARCHIVE_001,DELPHI_OPEN_DATA_THRUST_EEC_NOTE_2025,figures/Matching/trk_res_pt_all.png,D:\Paper\Dimensional_Structural_Describability\Strong_interaction\data\raw\source_tables\01\extracted_candidates\DELPHI_2025_ARXIV_SOURCE_ARCHIVE_001\figures__Matching__trk_res_pt_all.png,True,data_suffix_or_keyword_or_numeric_dense,8998,False,247207,e0739bccc89f01796dd24c10a0e2331cb0f2d45a159dd409b04e2ebc2b4b9104,2026-06-03T07:26:16+00:00
DELPHI_2025_ARXIV_SOURCE_ARCHIVE_001,DELPHI_OPEN_DATA_THRUST_EEC_NOTE_2025,figures/Matching/trk_fake_pythia.png,D:\Paper\Dimensional_Structural_Describability\Strong_interaction\data\raw\source_tables\01\extracted_candidates\DELPHI_2025_ARXIV_SOURCE_ARCHIVE_001\figures__Matching__trk_fake_pythia.png,True,data_suffix_or_keyword_or_numeric_dense,1193,False,38677,68b09d1cd491d487408cd84b559ea4bf137890f7c97362a36027f5d0e9367213,2026-06-03T07:26:16+00:00
DELPHI_2025_ARXIV_SOURCE_ARCHIVE_001,DELPHI_OPEN_DATA_THRUST_EEC_NOTE_2025,figures/Matching/trk_eff_theta_pythia.png,D:\Paper\Dimensional_Structural_Describability\Strong_interaction\data\raw\source_tables\01\extracted_candidates\DELPHI_2025_ARXIV_SOURCE_ARCHIVE_001\figures__Matching__trk_eff_theta_pythia.png,True,data_suffix_or_keyword_or_numeric_dense,1224,False,36014,e428c4d0ed50d57060ad52dae5dae1c9182699adfd7ccb1e1513fefcc2395ff3,2026-06-03T07:26:16+00:00
DELPHI_2025_ARXIV_SOURCE_ARCHIVE_001,DELPHI_OPEN_DATA_THRUST_EEC_NOTE_2025,figures/Matching/trk_eff_theta_1995.png,D:\Paper\Dimensional_Structural_Describability\Strong_interaction\data\raw\source_tables\01\extracted_candidates\DELPHI_2025_ARXIV_SOURCE_ARCHIVE_001\figures__Matching__trk_eff_theta_1995.png,True,data_suffix_or_keyword_or_numeric_dense,2074,False,63185,0a87d14373bb8433f7abfadc08d9397d1e69a0e38f28c26835dbfe3b3ac9625e,2026-06-03T07:26:16+00:00
DELPHI_2025_ARXIV_SOURCE_ARCHIVE_001,DELPHI_OPEN_DATA_THRUST_EEC_NOTE_2025,figures/Matching/trk_eff_pythia.png,D:\Paper\Dimensional_Structural_Describability\Strong_interaction\data\raw\source_tables\01\extracted_candidates\DELPHI_2025_ARXIV_SOURCE_ARCHIVE_001\figures__Matching__trk_eff_pythia.png,True,data_suffix_or_keyword_or_numeric_dense,1143,False,34117,b74e2e8112d15d09c3dd4027b155496b34ba5cd4ac95a351c2074a8eba7d2171,2026-06-03T07:26:16+00:00
DELPHI_2025_ARXIV_SOURCE_ARCHIVE_001,DELPHI_OPEN_DATA_THRUST_EEC_NOTE_2025,figures/Matching/trk_eff_1995.png,D:\Paper\Dimensional_Structural_Describability\Strong_interaction\data\raw\source_tables\01\extracted_candidates\DELPHI_2025_ARXIV_SOURCE_ARCHIVE_001\figures__Matching__trk_eff_1995.png,True,data_suffix_or_keyword_or_numeric_dense,1509,False,51998,8310a6b7dc241569678e9363cbd2b81061ed3c049d905ea406a44c0036ae5db6,2026-06-03T07:26:16+00:00
DELPHI_2025_ARXIV_SOURCE_ARCHIVE_001,DELPHI_OPEN_DATA_THRUST_EEC_NOTE_2025,figures/Matching/trk_res_theta_1995.png,D:\Paper\Dimensional_Structural_Describability\Strong_interaction\data\raw\source_tables\01\extracted_candidates\DELPHI_2025_ARXIV_SOURCE_ARCHIVE_001\figures__Matching__trk_res_theta_1995.png,True,data_suffix_or_keyword_or_numeric_dense,1712,False,52946,693250dd28bd54360162e4aa9573b9e004172753d677c3edb97d34a86f034b37,2026-06-03T07:26:16+00:00
DELPHI_2025_ARXIV_SOURCE_ARCHIVE_001,DELPHI_OPEN_DATA_THRUST_EEC_NOTE_2025,figures/Matching/trk_res_phi_1995.png,D:\Paper\Dimensional_Structural_Describability\Strong_interaction\data\raw\source_tables\01\extracted_candidates\DELPHI_2025_ARXIV_SOURCE_ARCHIVE_001\figures__Matching__trk_res_phi_1995.png,True,data_suffix_or_keyword_or_numeric_dense,1994,False,60373,8bb546122a990dff0f4d1d13668742cf397c33819c8d0ed96a09b8b6e9f9ccf3,2026-06-03T07:26:16+00:00
DELPHI_2025_ARXIV_SOURCE_ARCHIVE_001,DELPHI_OPEN_DATA_THRUST_EEC_NOTE_2025,figures/Matching/trk_fake_theta_1995.png,D:\Paper\Dimensional_Structural_Describability\Strong_interaction\data\raw\source_tables\01\extracted_candidates\DELPHI_2025_ARXIV_SOURCE_ARCHIVE_001\figures__Matching__trk_fake_theta_1995.png,True,data_suffix_or_keyword_or_numeric_dense,1872,False,61271,171532fbfd09fafd21a4398ca3e6cd50908506c6e8141ad5f55d4801903c3292,2026-06-03T07:26:16+00:00
DELPHI_2025_ARXIV_SOURCE_ARCHIVE_001,DELPHI_OPEN_DATA_THRUST_EEC_NOTE_2025,figures/Matching/trk_res_pt_1995.png,D:\Paper\Dimensional_Structural_Describability\Strong_interaction\data\raw\source_tables\01\extracted_candidates\DELPHI_2025_ARXIV_SOURCE_ARCHIVE_001\figures__Matching__trk_res_pt_1995.png,True,data_suffix_or_keyword_or_numeric_dense,8620,False,243760,c8d32e75313fa8cc75529d30f79616d6693f55f9514aaba6d522ad444756903d,2026-06-03T07:26:17+00:00
DELPHI_2025_ARXIV_SOURCE_ARCHIVE_001,DELPHI_OPEN_DATA_THRUST_EEC_NOTE_2025,figures/Matching/trk_fake_1995.png,D:\Paper\Dimensional_Structural_Describability\Strong_interaction\data\raw\source_tables\01\extracted_candidates\DELPHI_2025_ARXIV_SOURCE_ARCHIVE_001\figures__Matching__trk_fake_1995.png,True,data_suffix_or_keyword_or_numeric_dense,1899,False,64101,bfbbf1b7cf2235ca4dc1be68ac8e46001ae68e8ba26afdfbfda338c1a03e330e,2026-06-03T07:26:17+00:00
DELPHI_2025_ARXIV_SOURCE_ARCHIVE_001,DELPHI_OPEN_DATA_THRUST_EEC_NOTE_2025,figures/AppendixClosure/EEC_full_closure.png,D:\Paper\Dimensional_Structural_Describability\Strong_interaction\data\raw\source_tables\01\extracted_candidates\DELPHI_2025_ARXIV_SOURCE_ARCHIVE_001\figures__AppendixClosure__EEC_full_closure.png,True,data_suffix_or_keyword_or_numeric_dense,1176,False,39676,336cb4e2fadebd4912665f1e5948c170749e70bf9cb019248649038d67029347,2026-06-03T07:26:17+00:00
DELPHI_2025_ARXIV_SOURCE_ARCHIVE_001,DELPHI_OPEN_DATA_THRUST_EEC_NOTE_2025,figures/AppendixClosure/EEC_comp_ALEPH.png,D:\Paper\Dimensional_Structural_Describability\Strong_interaction\data\raw\source_tables\01\extracted_candidates\DELPHI_2025_ARXIV_SOURCE_ARCHIVE_001\figures__AppendixClosure__EEC_comp_ALEPH.png,True,data_suffix_or_keyword_or_numeric_dense,2052,False,62625,cda402d5c24f80eead830c4f7c6568aee590fa9fd0b55073b35dc7cb7077d9d7,2026-06-03T07:26:17+00:00
DELPHI_2025_ARXIV_SOURCE_ARCHIVE_001,DELPHI_OPEN_DATA_THRUST_EEC_NOTE_2025,figures/AppendixClosure/EEC_comparison_Ks.png,D:\Paper\Dimensional_Structural_Describability\Strong_interaction\data\raw\source_tables\01\extracted_candidates\DELPHI_2025_ARXIV_SOURCE_ARCHIVE_001\figures__AppendixClosure__EEC_comparison_Ks.png,True,data_suffix_or_keyword_or_numeric_dense,1377,False,43620,bd59d499e6702da0d07927ebf980fc14d2d3d69bd2307f4c8003425657946b1c,2026-06-03T07:26:17+00:00
DELPHI_2025_ARXIV_SOURCE_ARCHIVE_001,DELPHI_OPEN_DATA_THRUST_EEC_NOTE_2025,figures/AppendixClosure/Thrust_Comparison_Ks.png,D:\Paper\Dimensional_Structural_Describability\Strong_interaction\data\raw\source_tables\01\extracted_candidates\DELPHI_2025_ARXIV_SOURCE_ARCHIVE_001\figures__AppendixClosure__Thrust_Comparison_Ks.png,True,data_suffix_or_keyword_or_numeric_dense,1181,False,39627,b9a642ba4a7753a580034166fb851aa83ffe92abebf0ba069764b8d423641bc7,2026-06-03T07:26:17+00:00
DELPHI_2025_ARXIV_SOURCE_ARCHIVE_001,DELPHI_OPEN_DATA_THRUST_EEC_NOTE_2025,figures/AppendixClosure/Thrust_Delphi_sele_corr_qqpy_closure.png,D:\Paper\Dimensional_Structural_Describability\Strong_interaction\data\raw\source_tables\01\extracted_candidates\DELPHI_2025_ARXIV_SOURCE_ARCHIVE_001\figures__AppendixClosure__Thrust_Delphi_sele_corr_qqpy_closure.png,True,data_suffix_or_keyword_or_numeric_dense,890,False,28314,d8eb13e40adda6227f0710d395059d1c2e8b535b54feb17e75add82cfc23ea0f,2026-06-03T07:26:17+00:00
DELPHI_2025_ARXIV_SOURCE_ARCHIVE_001,DELPHI_OPEN_DATA_THRUST_EEC_NOTE_2025,figures/MCDataComp/comp_NuetralPhiSele_1994.png,D:\Paper\Dimensional_Structural_Describability\Strong_interaction\data\raw\source_tables\01\extracted_candidates\DELPHI_2025_ARXIV_SOURCE_ARCHIVE_001\figures__MCDataComp__comp_NuetralPhiSele_1994.png,True,data_suffix_or_keyword_or_numeric_dense,2935,False,88853,d5e822adbc51555d7d97fdf6ea73686716f1e455a42cbf792de0badb3d658184,2026-06-03T07:26:17+00:00
DELPHI_2025_ARXIV_SOURCE_ARCHIVE_001,DELPHI_OPEN_DATA_THRUST_EEC_NOTE_2025,figures/MCDataComp/comp_NuetralESele_1994.png,D:\Paper\Dimensional_Structural_Describability\Strong_interaction\data\raw\source_tables\01\extracted_candidates\DELPHI_2025_ARXIV_SOURCE_ARCHIVE_001\figures__MCDataComp__comp_NuetralESele_1994.png,True,data_suffix_or_keyword_or_numeric_dense,3046,False,87446,1d0dade58f206288ed2bcecee0dae43440644d6a3c2f0b6b8ed59f879ded2962,2026-06-03T07:26:17+00:00
DELPHI_2025_ARXIV_SOURCE_ARCHIVE_001,DELPHI_OPEN_DATA_THRUST_EEC_NOTE_2025,figures/MCDataComp/comp_TrackPhiSele_1994.png,D:\Paper\Dimensional_Structural_Describability\Strong_interaction\data\raw\source_tables\01\extracted_candidates\DELPHI_2025_ARXIV_SOURCE_ARCHIVE_001\figures__MCDataComp__comp_TrackPhiSele_1994.png,True,data_suffix_or_keyword_or_numeric_dense,2413,False,72732,421ed2f6f30d8dbdc67fc536fa635ecc2504c763832d9f6a01b69a35d9b5dd51,2026-06-03T07:26:17+00:00
DELPHI_2025_ARXIV_SOURCE_ARCHIVE_001,DELPHI_OPEN_DATA_THRUST_EEC_NOTE_2025,figures/MCDataComp/comp_NuetralThetaSele_1994.png,D:\Paper\Dimensional_Structural_Describability\Strong_interaction\data\raw\source_tables\01\extracted_candidates\DELPHI_2025_ARXIV_SOURCE_ARCHIVE_001\figures__MCDataComp__comp_NuetralThetaSele_1994.png,True,data_suffix_or_keyword_or_numeric_dense,2123,False,64402,7cfcfd11bfffbd1ec7bbcd5434e088e8d443a7ab09a351ee2054d3bb70f44695,2026-06-03T07:26:17+00:00
DELPHI_2025_ARXIV_SOURCE_ARCHIVE_001,DELPHI_OPEN_DATA_THRUST_EEC_NOTE_2025,figures/MCDataComp/comp_TrackThetaSele_1994.png,D:\Paper\Dimensional_Structural_Describability\Strong_interaction\data\raw\source_tables\01\extracted_candidates\DELPHI_2025_ARXIV_SOURCE_ARCHIVE_001\figures__MCDataComp__comp_TrackThetaSele_1994.png,True,data_suffix_or_keyword_or_numeric_dense,2691,False,80553,89c2e9b556bcb9aae0af26df79d391149ec0531a68ece980ed1c19be5d631fc4,2026-06-03T07:26:17+00:00
DELPHI_2025_ARXIV_SOURCE_ARCHIVE_001,DELPHI_OPEN_DATA_THRUST_EEC_NOTE_2025,figures/MCDataComp/comp_TrackPTSele_1994.png,D:\Paper\Dimensional_Structural_Describability\Strong_interaction\data\raw\source_tables\01\extracted_candidates\DELPHI_2025_ARXIV_SOURCE_ARCHIVE_001\figures__MCDataComp__comp_TrackPTSele_1994.png,True,data_suffix_or_keyword_or_numeric_dense,2582,False,74600,50301ad8384469b69e0e519939a2a5b456bfbe500cc0eb9779a5120cd7a75340,2026-06-03T07:26:17+00:00
DELPHI_2025_ARXIV_SOURCE_ARCHIVE_001,DELPHI_OPEN_DATA_THRUST_EEC_NOTE_2025,figures/MCDataComp/comp_EEC_r_1994.png,D:\Paper\Dimensional_Structural_Describability\Strong_interaction\data\raw\source_tables\01\extracted_candidates\DELPHI_2025_ARXIV_SOURCE_ARCHIVE_001\figures__MCDataComp__comp_EEC_r_1994.png,True,data_suffix_or_keyword_or_numeric_dense,3188,False,93137,b87388b5f995c1d8fbd53d620407adf3920c8c1a6b2b0d4ced94bdd9e4bb8713,2026-06-03T07:26:17+00:00
DELPHI_2025_ARXIV_SOURCE_ARCHIVE_001,DELPHI_OPEN_DATA_THRUST_EEC_NOTE_2025,figures/MCDataComp/comp_NChargedSele_1994.png,D:\Paper\Dimensional_Structural_Describability\Strong_interaction\data\raw\source_tables\01\extracted_candidates\DELPHI_2025_ARXIV_SOURCE_ARCHIVE_001\figures__MCDataComp__comp_NChargedSele_1994.png,True,data_suffix_or_keyword_or_numeric_dense,1825,False,53768,3ce234d1875d3ac795f4f7f5d56a7ff137b523b49eff31286c6e125a4677fdc8,2026-06-03T07:26:17+00:00
DELPHI_2025_ARXIV_SOURCE_ARCHIVE_001,DELPHI_OPEN_DATA_THRUST_EEC_NOTE_2025,figures/MCDataComp/comp_ThrustMissPNCLog2_1994.png,D:\Paper\Dimensional_Structural_Describability\Strong_interaction\data\raw\source_tables\01\extracted_candidates\DELPHI_2025_ARXIV_SOURCE_ARCHIVE_001\figures__MCDataComp__comp_ThrustMissPNCLog2_1994.png,True,data_suffix_or_keyword_or_numeric_dense,2130,False,65796,f6e5d96c6ba5e8c1c776e573e62e6112e18f21b18f717b64a9e760440e64e8fc,2026-06-03T07:26:17+00:00
DELPHI_2025_ARXIV_SOURCE_ARCHIVE_001,DELPHI_OPEN_DATA_THRUST_EEC_NOTE_2025,figures/MCDataComp/comp_NPartSele_1994.png,D:\Paper\Dimensional_Structural_Describability\Strong_interaction\data\raw\source_tables\01\extracted_candidates\DELPHI_2025_ARXIV_SOURCE_ARCHIVE_001\figures__MCDataComp__comp_NPartSele_1994.png,True,data_suffix_or_keyword_or_numeric_dense,1966,False,60130,818fbfe1e6b66276bcf2e2838bc56494217ca35303de14a33c2072e7c0c407ce,2026-06-03T07:26:17+00:00
DELPHI_2025_ARXIV_SOURCE_ARCHIVE_001,DELPHI_OPEN_DATA_THRUST_EEC_NOTE_2025,figures/MCDataComp/comp_NuetralPhiSele_1995.png,D:\Paper\Dimensional_Structural_Describability\Strong_interaction\data\raw\source_tables\01\extracted_candidates\DELPHI_2025_ARXIV_SOURCE_ARCHIVE_001\figures__MCDataComp__comp_NuetralPhiSele_1995.png,True,data_suffix_or_keyword_or_numeric_dense,2438,False,71847,a6fe5865167620859757489e687639c1770efa3f66a855c63c2c3a08e402ec81,2026-06-03T07:26:17+00:00
DELPHI_2025_ARXIV_SOURCE_ARCHIVE_001,DELPHI_OPEN_DATA_THRUST_EEC_NOTE_2025,figures/MCDataComp/comp_NuetralESele_1995.png,D:\Paper\Dimensional_Structural_Describability\Strong_interaction\data\raw\source_tables\01\extracted_candidates\DELPHI_2025_ARXIV_SOURCE_ARCHIVE_001\figures__MCDataComp__comp_NuetralESele_1995.png,True,data_suffix_or_keyword_or_numeric_dense,2368,False,72222,4c281d36d1d817505f063215fcbf7951a7ec43aceaa59c95e4936cb816396153,2026-06-03T07:26:17+00:00
DELPHI_2025_ARXIV_SOURCE_ARCHIVE_001,DELPHI_OPEN_DATA_THRUST_EEC_NOTE_2025,figures/MCDataComp/comp_NuetralThetaSele_1995.png,D:\Paper\Dimensional_Structural_Describability\Strong_interaction\data\raw\source_tables\01\extracted_candidates\DELPHI_2025_ARXIV_SOURCE_ARCHIVE_001\figures__MCDataComp__comp_NuetralThetaSele_1995.png,True,data_suffix_or_keyword_or_numeric_dense,1571,False,51034,bb63232f795ba72eea679ea81a29e03e7a0ff55726a3c569734b25d49eb14ef9,2026-06-03T07:26:17+00:00
DELPHI_2025_ARXIV_SOURCE_ARCHIVE_001,DELPHI_OPEN_DATA_THRUST_EEC_NOTE_2025,figures/MCDataComp/comp_TrackThetaSele_1995.png,D:\Paper\Dimensional_Structural_Describability\Strong_interaction\data\raw\source_tables\01\extracted_candidates\DELPHI_2025_ARXIV_SOURCE_ARCHIVE_001\figures__MCDataComp__comp_TrackThetaSele_1995.png,True,data_suffix_or_keyword_or_numeric_dense,2353,False,71502,27494d9e84c214f8072dc6a6bd399e8fc1b615dd2442831046ac84020400f7c0,2026-06-03T07:26:17+00:00
DELPHI_2025_ARXIV_SOURCE_ARCHIVE_001,DELPHI_OPEN_DATA_THRUST_EEC_NOTE_2025,figures/MCDataComp/comp_TrackPTSele_1995.png,D:\Paper\Dimensional_Structural_Describability\Strong_interaction\data\raw\source_tables\01\extracted_candidates\DELPHI_2025_ARXIV_SOURCE_ARCHIVE_001\figures__MCDataComp__comp_TrackPTSele_1995.png,True,data_suffix_or_keyword_or_numeric_dense,2224,False,64809,a93a8fd2a255ef8a4ffb60e5b16662e357282228ac207cc58490373e7e06e6ad,2026-06-03T07:26:17+00:00
DELPHI_2025_ARXIV_SOURCE_ARCHIVE_001,DELPHI_OPEN_DATA_THRUST_EEC_NOTE_2025,figures/MCDataComp/comp_NPartSele_1995.png,D:\Paper\Dimensional_Structural_Describability\Strong_interaction\data\raw\source_tables\01\extracted_candidates\DELPHI_2025_ARXIV_SOURCE_ARCHIVE_001\figures__MCDataComp__comp_NPartSele_1995.png,True,data_suffix_or_keyword_or_numeric_dense,2011,False,56413,dd15093564f207ff99d404e567e6f390875083e4ca3f38e66cb1e210e4587a99,2026-06-03T07:26:17+00:00
DELPHI_2025_ARXIV_SOURCE_ARCHIVE_001,DELPHI_OPEN_DATA_THRUST_EEC_NOTE_2025,figures/MCDataComp/comp_ThrustMissPNCDelphi_1995.png,D:\Paper\Dimensional_Structural_Describability\Strong_interaction\data\raw\source_tables\01\extracted_candidates\DELPHI_2025_ARXIV_SOURCE_ARCHIVE_001\figures__MCDataComp__comp_ThrustMissPNCDelphi_1995.png,True,data_suffix_or_keyword_or_numeric_dense,1478,False,46831,be1d3d9595294a146272c9d32fb01f3fc27bd63ccd623cde636e6c9d063ded79,2026-06-03T07:26:17+00:00
DELPHI_2025_ARXIV_SOURCE_ARCHIVE_001,DELPHI_OPEN_DATA_THRUST_EEC_NOTE_2025,figures/MCDataComp/comp_NChargedSele_1995.png,D:\Paper\Dimensional_Structural_Describability\Strong_interaction\data\raw\source_tables\01\extracted_candidates\DELPHI_2025_ARXIV_SOURCE_ARCHIVE_001\figures__MCDataComp__comp_NChargedSele_1995.png,True,data_suffix_or_keyword_or_numeric_dense,1831,False,52962,da991f1d2047a8f06b4c373b221961c7554116dd00e465d7aff888c0a6212332,2026-06-03T07:26:17+00:00
DELPHI_2025_ARXIV_SOURCE_ARCHIVE_001,DELPHI_OPEN_DATA_THRUST_EEC_NOTE_2025,figures/MCDataComp/comp_ThrustMissPNCLog2_1995.png,D:\Paper\Dimensional_Structural_Describability\Strong_interaction\data\raw\source_tables\01\extracted_candidates\DELPHI_2025_ARXIV_SOURCE_ARCHIVE_001\figures__MCDataComp__comp_ThrustMissPNCLog2_1995.png,True,data_suffix_or_keyword_or_numeric_dense,1801,False,57092,f7d9b1d98cf4b5cd40a09a4d19b25d4c7f2f8c8fbabc9dea2744f3eca08638ac,2026-06-03T07:26:17+00:00
DELPHI_2025_ARXIV_SOURCE_ARCHIVE_001,DELPHI_OPEN_DATA_THRUST_EEC_NOTE_2025,figures/MCDataComp/comp_EEC_r_1995.png,D:\Paper\Dimensional_Structural_Describability\Strong_interaction\data\raw\source_tables\01\extracted_candidates\DELPHI_2025_ARXIV_SOURCE_ARCHIVE_001\figures__MCDataComp__comp_EEC_r_1995.png,True,data_suffix_or_keyword_or_numeric_dense,2755,False,79064,2e2ed18859ef103dc8331fdd4cad036cd2b091d6780bd850dbc24b28da8a1dc6,2026-06-03T07:26:17+00:00
DELPHI_2025_ARXIV_SOURCE_ARCHIVE_001,DELPHI_OPEN_DATA_THRUST_EEC_NOTE_2025,figures/MCDataComp/comp_ThrustMissPNCDelphi_1994.png,D:\Paper\Dimensional_Structural_Describability\Strong_interaction\data\raw\source_tables\01\extracted_candidates\DELPHI_2025_ARXIV_SOURCE_ARCHIVE_001\figures__MCDataComp__comp_ThrustMissPNCDelphi_1994.png,True,data_suffix_or_keyword_or_numeric_dense,1637,False,51733,f188556afd723db57745c415ea220158edc405732ca9ab9a28c64a46884ca20e,2026-06-03T07:26:17+00:00
DELPHI_2025_ARXIV_SOURCE_ARCHIVE_001,DELPHI_OPEN_DATA_THRUST_EEC_NOTE_2025,figures/MCDataComp/comp_TrackPhiSele_1995.png,D:\Paper\Dimensional_Structural_Describability\Strong_interaction\data\raw\source_tables\01\extracted_candidates\DELPHI_2025_ARXIV_SOURCE_ARCHIVE_001\figures__MCDataComp__comp_TrackPhiSele_1995.png,True,data_suffix_or_keyword_or_numeric_dense,2127,False,64885,aa24c2d30a9c5f70701d6a4672695b4ad58fb79883ad7766496b58a3e34c5268,2026-06-03T07:26:17+00:00
DELPHI_2025_ARXIV_SOURCE_ARCHIVE_001,DELPHI_OPEN_DATA_THRUST_EEC_NOTE_2025,figures/Thrust/Thrust_log_systs.png,D:\Paper\Dimensional_Structural_Describability\Strong_interaction\data\raw\source_tables\01\extracted_candidates\DELPHI_2025_ARXIV_SOURCE_ARCHIVE_001\figures__Thrust__Thrust_log_systs.png,True,data_suffix_or_keyword_or_numeric_dense,2348,False,67164,9e11a225c3434fbeab0a7fb205b61b99d6acccc5189e3f9bb791470c85ed95b9,2026-06-03T07:26:17+00:00
DELPHI_2025_ARXIV_SOURCE_ARCHIVE_001,DELPHI_OPEN_DATA_THRUST_EEC_NOTE_2025,figures/Thrust/Thrust_log_sele_corr.png,D:\Paper\Dimensional_Structural_Describability\Strong_interaction\data\raw\source_tables\01\extracted_candidates\DELPHI_2025_ARXIV_SOURCE_ARCHIVE_001\figures__Thrust__Thrust_log_sele_corr.png,True,data_suffix_or_keyword_or_numeric_dense,1848,False,56992,5d0c383ea9f465f5f0b381cbd8fa9223942da017b07dc5b649412788ff1628f3,2026-06-03T07:26:17+00:00
DELPHI_2025_ARXIV_SOURCE_ARCHIVE_001,DELPHI_OPEN_DATA_THRUST_EEC_NOTE_2025,figures/Thrust/Thrust_log_unf_model.png,D:\Paper\Dimensional_Structural_Describability\Strong_interaction\data\raw\source_tables\01\extracted_candidates\DELPHI_2025_ARXIV_SOURCE_ARCHIVE_001\figures__Thrust__Thrust_log_unf_model.png,True,data_suffix_or_keyword_or_numeric_dense,1689,False,54932,a18199e7665a51fe20215f78480b3218e3e43fc1a40d1ff35ab7c76656f4447e,2026-06-03T07:26:17+00:00
DELPHI_2025_ARXIV_SOURCE_ARCHIVE_001,DELPHI_OPEN_DATA_THRUST_EEC_NOTE_2025,figures/Thrust/Thrust_log_unf_size.png,D:\Paper\Dimensional_Structural_Describability\Strong_interaction\data\raw\source_tables\01\extracted_candidates\DELPHI_2025_ARXIV_SOURCE_ARCHIVE_001\figures__Thrust__Thrust_log_unf_size.png,True,data_suffix_or_keyword_or_numeric_dense,1567,False,50953,0dff326796ba3968c95bd5ecacc5b9ce43fd2f108be60fd88cc3474495d25855,2026-06-03T07:26:17+00:00
DELPHI_2025_ARXIV_SOURCE_ARCHIVE_001,DELPHI_OPEN_DATA_THRUST_EEC_NOTE_2025,figures/Thrust/Thrust_log_nEff_var.png,D:\Paper\Dimensional_Structural_Describability\Strong_interaction\data\raw\source_tables\01\extracted_candidates\DELPHI_2025_ARXIV_SOURCE_ARCHIVE_001\figures__Thrust__Thrust_log_nEff_var.png,True,data_suffix_or_keyword_or_numeric_dense,1647,False,55026,483ec695dac6572a7825725d848ea857adf7e11b4d0d6319ad74a73a303624b8,2026-06-03T07:26:17+00:00
DELPHI_2025_ARXIV_SOURCE_ARCHIVE_001,DELPHI_OPEN_DATA_THRUST_EEC_NOTE_2025,figures/Thrust/Thrust_log_cEff_var.png,D:\Paper\Dimensional_Structural_Describability\Strong_interaction\data\raw\source_tables\01\extracted_candidates\DELPHI_2025_ARXIV_SOURCE_ARCHIVE_001\figures__Thrust__Thrust_log_cEff_var.png,True,data_suffix_or_keyword_or_numeric_dense,1710,False,55675,69e1f13c02319042270abf3ea7ace50f16c657b6e9bb76046c07c87057fb7a8a,2026-06-03T07:26:17+00:00
DELPHI_2025_ARXIV_SOURCE_ARCHIVE_001,DELPHI_OPEN_DATA_THRUST_EEC_NOTE_2025,figures/Thrust/Thrust_log_fake_var.png,D:\Paper\Dimensional_Structural_Describability\Strong_interaction\data\raw\source_tables\01\extracted_candidates\DELPHI_2025_ARXIV_SOURCE_ARCHIVE_001\figures__Thrust__Thrust_log_fake_var.png,True,data_suffix_or_keyword_or_numeric_dense,1286,False,42425,e58501aaa07dbfed07e640eb47007e359bfe633273c01ab80abda80ee6378578,2026-06-03T07:26:17+00:00
DELPHI_2025_ARXIV_SOURCE_ARCHIVE_001,DELPHI_OPEN_DATA_THRUST_EEC_NOTE_2025,figures/Thrust/response_matrix_thrust.png,D:\Paper\Dimensional_Structural_Describability\Strong_interaction\data\raw\source_tables\01\extracted_candidates\DELPHI_2025_ARXIV_SOURCE_ARCHIVE_001\figures__Thrust__response_matrix_thrust.png,True,data_suffix_or_keyword_or_numeric_dense,1132,False,39907,8633031cdea5a9db8de2601216fc64d3564bf09db010c8fb4117401314956e56,2026-06-03T07:26:17+00:00
DELPHI_2025_ARXIV_SOURCE_ARCHIVE_001,DELPHI_OPEN_DATA_THRUST_EEC_NOTE_2025,figures/Thrust/Thrust_log_nScale_var.png,D:\Paper\Dimensional_Structural_Describability\Strong_interaction\data\raw\source_tables\01\extracted_candidates\DELPHI_2025_ARXIV_SOURCE_ARCHIVE_001\figures__Thrust__Thrust_log_nScale_var.png,True,data_suffix_or_keyword_or_numeric_dense,1758,False,55696,37a4ff25f788e53d3fe81fc225fdd87c49f8832cb3649af0aa357aa4e6a97980,2026-06-03T07:26:17+00:00
DELPHI_2025_ARXIV_SOURCE_ARCHIVE_001,DELPHI_OPEN_DATA_THRUST_EEC_NOTE_2025,figures/Thrust/Thrust_log_cScale_var.png,D:\Paper\Dimensional_Structural_Describability\Strong_interaction\data\raw\source_tables\01\extracted_candidates\DELPHI_2025_ARXIV_SOURCE_ARCHIVE_001\figures__Thrust__Thrust_log_cScale_var.png,True,data_suffix_or_keyword_or_numeric_dense,1661,False,54239,4579f47cec7013a6790be623339b6f133060a10c142286b7736355ebf3c887d1,2026-06-03T07:26:17+00:00
DELPHI_2025_ARXIV_SOURCE_ARCHIVE_001,DELPHI_OPEN_DATA_THRUST_EEC_NOTE_2025,figures/Thrust/Thrust_Delphi_systs.png,D:\Paper\Dimensional_Structural_Describability\Strong_interaction\data\raw\source_tables\01\extracted_candidates\DELPHI_2025_ARXIV_SOURCE_ARCHIVE_001\figures__Thrust__Thrust_Delphi_systs.png,True,data_suffix_or_keyword_or_numeric_dense,1682,False,55479,447302b8d812ab3aa69cd1261667d6d95068f69d421c12bddcaf51ad85103c25,2026-06-03T07:26:17+00:00
DELPHI_2025_ARXIV_SOURCE_ARCHIVE_001,DELPHI_OPEN_DATA_THRUST_EEC_NOTE_2025,figures/Thrust/Thrust_Delphi_sele_corr.png,D:\Paper\Dimensional_Structural_Describability\Strong_interaction\data\raw\source_tables\01\extracted_candidates\DELPHI_2025_ARXIV_SOURCE_ARCHIVE_001\figures__Thrust__Thrust_Delphi_sele_corr.png,True,data_suffix_or_keyword_or_numeric_dense,1401,False,47689,30a14b6b516a944044048aa257c1cddbee59c4013f18a9dd2ea2f917aa5f3c66,2026-06-03T07:26:17+00:00
DELPHI_2025_ARXIV_SOURCE_ARCHIVE_001,DELPHI_OPEN_DATA_THRUST_EEC_NOTE_2025,figures/Thrust/Thrust_Delphi_unf_model.png,D:\Paper\Dimensional_Structural_Describability\Strong_interaction\data\raw\source_tables\01\extracted_candidates\DELPHI_2025_ARXIV_SOURCE_ARCHIVE_001\figures__Thrust__Thrust_Delphi_unf_model.png,True,data_suffix_or_keyword_or_numeric_dense,1507,False,46878,644152bc0802b4c906851f3c1117c284ff1eca05ff3f44b1a20d709a681f74b2,2026-06-03T07:26:17+00:00
DELPHI_2025_ARXIV_SOURCE_ARCHIVE_001,DELPHI_OPEN_DATA_THRUST_EEC_NOTE_2025,figures/Thrust/Thrust_Delphi_unf_size.png,D:\Paper\Dimensional_Structural_Describability\Strong_interaction\data\raw\source_tables\01\extracted_candidates\DELPHI_2025_ARXIV_SOURCE_ARCHIVE_001\figures__Thrust__Thrust_Delphi_unf_size.png,True,data_suffix_or_keyword_or_numeric_dense,1307,False,43251,48a4a664e9523438e77512423a30eaae83139af016d716b6f209a52c74efad2a,2026-06-03T07:26:17+00:00
DELPHI_2025_ARXIV_SOURCE_ARCHIVE_001,DELPHI_OPEN_DATA_THRUST_EEC_NOTE_2025,figures/Thrust/response_matrix_thrustDelphi.png,D:\Paper\Dimensional_Structural_Describability\Strong_interaction\data\raw\source_tables\01\extracted_candidates\DELPHI_2025_ARXIV_SOURCE_ARCHIVE_001\figures__Thrust__response_matrix_thrustDelphi.png,True,data_suffix_or_keyword_or_numeric_dense,952,False,35668,faa0379b47fc4d5f12b353c7e5363396f31c9fb2b1a9ac4d47aef549d070988f,2026-06-03T07:26:17+00:00
DELPHI_2025_ARXIV_SOURCE_ARCHIVE_001,DELPHI_OPEN_DATA_THRUST_EEC_NOTE_2025,figures/Thrust/Thrust_Delphi_nEff_var.png,D:\Paper\Dimensional_Structural_Describability\Strong_interaction\data\raw\source_tables\01\extracted_candidates\DELPHI_2025_ARXIV_SOURCE_ARCHIVE_001\figures__Thrust__Thrust_Delphi_nEff_var.png,True,data_suffix_or_keyword_or_numeric_dense,1375,False,43882,41bac6c308f5df92e56ec13a44061914a2d1e5e2809e2f8e1d38ad108896c82d,2026-06-03T07:26:17+00:00
DELPHI_2025_ARXIV_SOURCE_ARCHIVE_001,DELPHI_OPEN_DATA_THRUST_EEC_NOTE_2025,figures/Thrust/Thrust_Delphi_fake_var.png,D:\Paper\Dimensional_Structural_Describability\Strong_interaction\data\raw\source_tables\01\extracted_candidates\DELPHI_2025_ARXIV_SOURCE_ARCHIVE_001\figures__Thrust__Thrust_Delphi_fake_var.png,True,data_suffix_or_keyword_or_numeric_dense,1077,False,36042,f204d58aed2a7d0ce555acc8d363a8454080774e0cbc38066ab00a41b4863550,2026-06-03T07:26:17+00:00
DELPHI_2025_ARXIV_SOURCE_ARCHIVE_001,DELPHI_OPEN_DATA_THRUST_EEC_NOTE_2025,figures/Thrust/Thrust_Delphi_nScale_var.png,D:\Paper\Dimensional_Structural_Describability\Strong_interaction\data\raw\source_tables\01\extracted_candidates\DELPHI_2025_ARXIV_SOURCE_ARCHIVE_001\figures__Thrust__Thrust_Delphi_nScale_var.png,True,data_suffix_or_keyword_or_numeric_dense,1379,False,45121,855b65439fff1cb49797397a654999c5204043b107cfc09de76b64309c4e0f8d,2026-06-03T07:26:17+00:00
DELPHI_2025_ARXIV_SOURCE_ARCHIVE_001,DELPHI_OPEN_DATA_THRUST_EEC_NOTE_2025,figures/Thrust/Thrust_Delphi_cEff_var.png,D:\Paper\Dimensional_Structural_Describability\Strong_interaction\data\raw\source_tables\01\extracted_candidates\DELPHI_2025_ARXIV_SOURCE_ARCHIVE_001\figures__Thrust__Thrust_Delphi_cEff_var.png,True,data_suffix_or_keyword_or_numeric_dense,1355,False,44683,00da6a9ed9cf07092e0d190cdcd31c8528e9a589565cc486726dd668abcced9f,2026-06-03T07:26:17+00:00
DELPHI_2025_ARXIV_SOURCE_ARCHIVE_001,DELPHI_OPEN_DATA_THRUST_EEC_NOTE_2025,figures/Thrust/Thrust_Delphi_cScale_var.png,D:\Paper\Dimensional_Structural_Describability\Strong_interaction\data\raw\source_tables\01\extracted_candidates\DELPHI_2025_ARXIV_SOURCE_ARCHIVE_001\figures__Thrust__Thrust_Delphi_cScale_var.png,True,data_suffix_or_keyword_or_numeric_dense,1339,False,43744,0b3d00a56b76cb7b3ea2b73c95537c06bfc79fa51d1949779314758c2d0ad10c,2026-06-03T07:26:17+00:00
DELPHI_2025_ARXIV_SOURCE_ARCHIVE_001,DELPHI_OPEN_DATA_THRUST_EEC_NOTE_2025,figures/Thrust/Thrust_log_sele_corr_qqpy.png,D:\Paper\Dimensional_Structural_Describability\Strong_interaction\data\raw\source_tables\01\extracted_candidates\DELPHI_2025_ARXIV_SOURCE_ARCHIVE_001\figures__Thrust__Thrust_log_sele_corr_qqpy.png,True,data_suffix_or_keyword_or_numeric_dense,1378,False,42288,9c3b49c2dd997f09268be9d4340338cc79ed7d126a65168e34f2be590a8dd92f,2026-06-03T07:26:17+00:00
DELPHI_2025_ARXIV_SOURCE_ARCHIVE_001,DELPHI_OPEN_DATA_THRUST_EEC_NOTE_2025,figures/Thrust/Thrust_Delphi_sele_corr_qqpy.png,D:\Paper\Dimensional_Structural_Describability\Strong_interaction\data\raw\source_tables\01\extracted_candidates\DELPHI_2025_ARXIV_SOURCE_ARCHIVE_001\figures__Thrust__Thrust_Delphi_sele_corr_qqpy.png,True,data_suffix_or_keyword_or_numeric_dense,1204,False,36991,f4a87d8b18dcb0d4cea24fa98982117caad204ef7885400b0e903b451f6d0ed2,2026-06-03T07:26:17+00:00
DELPHI_2025_ARXIV_SOURCE_ARCHIVE_001,DELPHI_OPEN_DATA_THRUST_EEC_NOTE_2025,figures/Thrust/Thrust_log_sim_model.png,D:\Paper\Dimensional_Structural_Describability\Strong_interaction\data\raw\source_tables\01\extracted_candidates\DELPHI_2025_ARXIV_SOURCE_ARCHIVE_001\figures__Thrust__Thrust_log_sim_model.png,True,data_suffix_or_keyword_or_numeric_dense,1313,False,41538,9214e3f21827bcedc062baf5876a5f765f7c1ec40a144d51c44ff70fc6ced4e6,2026-06-03T07:26:17+00:00
DELPHI_2025_ARXIV_SOURCE_ARCHIVE_001,DELPHI_OPEN_DATA_THRUST_EEC_NOTE_2025,figures/Thrust/Thrust_log_sele_corr_comp_varEmin.png,D:\Paper\Dimensional_Structural_Describability\Strong_interaction\data\raw\source_tables\01\extracted_candidates\DELPHI_2025_ARXIV_SOURCE_ARCHIVE_001\figures__Thrust__Thrust_log_sele_corr_comp_varEmin.png,True,data_suffix_or_keyword_or_numeric_dense,1358,False,42120,6ea4015a167f22b3a0fe9ce878d5534a156bb9a0ab5732c33e31e4983e9f8e50,2026-06-03T07:26:17+00:00
DELPHI_2025_ARXIV_SOURCE_ARCHIVE_001,DELPHI_OPEN_DATA_THRUST_EEC_NOTE_2025,figures/Thrust/Thrust_log_multiWeight.png,D:\Paper\Dimensional_Structural_Describability\Strong_interaction\data\raw\source_tables\01\extracted_candidates\DELPHI_2025_ARXIV_SOURCE_ARCHIVE_001\figures__Thrust__Thrust_log_multiWeight.png,True,data_suffix_or_keyword_or_numeric_dense,1702,True,54196,e9963b85c3024dca5f9e9b71cab806e57b023a3a5e9b19d272e7bae929d4ef4e,2026-06-03T07:26:17+00:00
DELPHI_2025_ARXIV_SOURCE_ARCHIVE_001,DELPHI_OPEN_DATA_THRUST_EEC_NOTE_2025,figures/Thrust/Thrust_Delphi_multiWeight.png,D:\Paper\Dimensional_Structural_Describability\Strong_interaction\data\raw\source_tables\01\extracted_candidates\DELPHI_2025_ARXIV_SOURCE_ARCHIVE_001\figures__Thrust__Thrust_Delphi_multiWeight.png,True,data_suffix_or_keyword_or_numeric_dense,1341,False,44591,a3cb03572637c227e14993f03dd7db8bc43842e238b324bafee52f287e9451b1,2026-06-03T07:26:17+00:00
DELPHI_2025_ARXIV_SOURCE_ARCHIVE_001,DELPHI_OPEN_DATA_THRUST_EEC_NOTE_2025,figures/Thrust/Thrust_Delphi_sele_corr_comp_varEmin.png,D:\Paper\Dimensional_Structural_Describability\Strong_interaction\data\raw\source_tables\01\extracted_candidates\DELPHI_2025_ARXIV_SOURCE_ARCHIVE_001\figures__Thrust__Thrust_Delphi_sele_corr_comp_varEmin.png,True,data_suffix_or_keyword_or_numeric_dense,1226,False,37635,8e75d635b61b8cfac6a88c9857213d672eaa6b1c15fd347e43a44a3c2639d14e,2026-06-03T07:26:17+00:00
DELPHI_2025_ARXIV_SOURCE_ARCHIVE_001,DELPHI_OPEN_DATA_THRUST_EEC_NOTE_2025,figures/Thrust/Thrust_Delphi_sim_model.png,D:\Paper\Dimensional_Structural_Describability\Strong_interaction\data\raw\source_tables\01\extracted_candidates\DELPHI_2025_ARXIV_SOURCE_ARCHIVE_001\figures__Thrust__Thrust_Delphi_sim_model.png,True,data_suffix_or_keyword_or_numeric_dense,1126,False,37036,fe99bba8f4f5388579c87b5bba4c8c03a2fdc387efa5894cd6ecfa81e2b4bb07,2026-06-03T07:26:17+00:00
DELPHI_2025_ARXIV_SOURCE_ARCHIVE_001,DELPHI_OPEN_DATA_THRUST_EEC_NOTE_2025,figures/Thrust1995/Thrust_log_unf_size_1995.png,D:\Paper\Dimensional_Structural_Describability\Strong_interaction\data\raw\source_tables\01\extracted_candidates\DELPHI_2025_ARXIV_SOURCE_ARCHIVE_001\figures__Thrust1995__Thrust_log_unf_size_1995.png,True,data_suffix_or_keyword_or_numeric_dense,1612,False,51977,0127963dabbc38b6c0168f24ff2c9c213e8fbe664d1b4155627b2f09e019061d,2026-06-03T07:26:17+00:00
DELPHI_2025_ARXIV_SOURCE_ARCHIVE_001,DELPHI_OPEN_DATA_THRUST_EEC_NOTE_2025,figures/Thrust1995/Thrust_log_systs_1995.png,D:\Paper\Dimensional_Structural_Describability\Strong_interaction\data\raw\source_tables\01\extracted_candidates\DELPHI_2025_ARXIV_SOURCE_ARCHIVE_001\figures__Thrust1995__Thrust_log_systs_1995.png,True,data_suffix_or_keyword_or_numeric_dense,2343,False,67881,12a7356514b607c9e2c12324fab5a176ab7b8fe958de9e666450e244bf110787,2026-06-03T07:26:17+00:00
DELPHI_2025_ARXIV_SOURCE_ARCHIVE_001,DELPHI_OPEN_DATA_THRUST_EEC_NOTE_2025,figures/Thrust1995/Thrust_Delphi_unf_model_1995.png,D:\Paper\Dimensional_Structural_Describability\Strong_interaction\data\raw\source_tables\01\extracted_candidates\DELPHI_2025_ARXIV_SOURCE_ARCHIVE_001\figures__Thrust1995__Thrust_Delphi_unf_model_1995.png,True,data_suffix_or_keyword_or_numeric_dense,1304,False,43570,2a6f1e826ec371cbcb0ebf5356caa08e896aa427b9105a37738cc923a61bc656,2026-06-03T07:26:17+00:00
DELPHI_2025_ARXIV_SOURCE_ARCHIVE_001,DELPHI_OPEN_DATA_THRUST_EEC_NOTE_2025,figures/Thrust1995/Thrust_Delphi_unf_size_1995.png,D:\Paper\Dimensional_Structural_Describability\Strong_interaction\data\raw\source_tables\01\extracted_candidates\DELPHI_2025_ARXIV_SOURCE_ARCHIVE_001\figures__Thrust1995__Thrust_Delphi_unf_size_1995.png,True,data_suffix_or_keyword_or_numeric_dense,1328,False,43556,fd88f5d7d84b47b6987d09979c6e16944351239de45b145052b88bd6a8d3df08,2026-06-03T07:26:17+00:00
DELPHI_2025_ARXIV_SOURCE_ARCHIVE_001,DELPHI_OPEN_DATA_THRUST_EEC_NOTE_2025,figures/Thrust1995/Thrust_log_multiWeight_1995.png,D:\Paper\Dimensional_Structural_Describability\Strong_interaction\data\raw\source_tables\01\extracted_candidates\DELPHI_2025_ARXIV_SOURCE_ARCHIVE_001\figures__Thrust1995__Thrust_log_multiWeight_1995.png,True,data_suffix_or_keyword_or_numeric_dense,1615,False,54650,6c8fda010574047bd0e96b09b5ea32b716c6eb3dac29b80ebcbee976f63b3ec0,2026-06-03T07:26:17+00:00
DELPHI_2025_ARXIV_SOURCE_ARCHIVE_001,DELPHI_OPEN_DATA_THRUST_EEC_NOTE_2025,figures/Thrust1995/Thrust_log_sele_corr_1995.png,D:\Paper\Dimensional_Structural_Describability\Strong_interaction\data\raw\source_tables\01\extracted_candidates\DELPHI_2025_ARXIV_SOURCE_ARCHIVE_001\figures__Thrust1995__Thrust_log_sele_corr_1995.png,True,data_suffix_or_keyword_or_numeric_dense,1809,False,53654,49376d840baf7213f4fa231db65f0de8bd29a3bf848d3d9ab3636dbc9cd5cec3,2026-06-03T07:26:17+00:00
DELPHI_2025_ARXIV_SOURCE_ARCHIVE_001,DELPHI_OPEN_DATA_THRUST_EEC_NOTE_2025,figures/Thrust1995/Thrust_log_unf_model_1995.png,D:\Paper\Dimensional_Structural_Describability\Strong_interaction\data\raw\source_tables\01\extracted_candidates\DELPHI_2025_ARXIV_SOURCE_ARCHIVE_001\figures__Thrust1995__Thrust_log_unf_model_1995.png,True,data_suffix_or_keyword_or_numeric_dense,1546,False,49449,334d6ab68c6fc7e84e71d97bb59b5878144a6b0d13e7af94ea9fc7e64bd29422,2026-06-03T07:26:17+00:00
DELPHI_2025_ARXIV_SOURCE_ARCHIVE_001,DELPHI_OPEN_DATA_THRUST_EEC_NOTE_2025,figures/Thrust1995/Thrust_Delphi_systs_1995.png,D:\Paper\Dimensional_Structural_Describability\Strong_interaction\data\raw\source_tables\01\extracted_candidates\DELPHI_2025_ARXIV_SOURCE_ARCHIVE_001\figures__Thrust1995__Thrust_Delphi_systs_1995.png,True,data_suffix_or_keyword_or_numeric_dense,1676,False,55466,80ab64fe00c9a9da26948a64d58378c133ad7c05bc4198da5013405607d4c567,2026-06-03T07:26:17+00:00
DELPHI_2025_ARXIV_SOURCE_ARCHIVE_001,DELPHI_OPEN_DATA_THRUST_EEC_NOTE_2025,figures/Thrust1995/Thrust_Delphi_sele_corr_1995.png,D:\Paper\Dimensional_Structural_Describability\Strong_interaction\data\raw\source_tables\01\extracted_candidates\DELPHI_2025_ARXIV_SOURCE_ARCHIVE_001\figures__Thrust1995__Thrust_Delphi_sele_corr_1995.png,True,data_suffix_or_keyword_or_numeric_dense,1335,False,43619,a19675098d73e4370f0c4f5100b46e99c888a68d581020b24ab127e09e9ce72c,2026-06-03T07:26:17+00:00
DELPHI_2025_ARXIV_SOURCE_ARCHIVE_001,DELPHI_OPEN_DATA_THRUST_EEC_NOTE_2025,figures/Thrust1995/Thrust_log_sele_corr_comp_varEmin_1995.png,D:\Paper\Dimensional_Structural_Describability\Strong_interaction\data\raw\source_tables\01\extracted_candidates\DELPHI_2025_ARXIV_SOURCE_ARCHIVE_001\figures__Thrust1995__Thrust_log_sele_corr_comp_varEmin_1995.png,True,data_suffix_or_keyword_or_numeric_dense,1408,False,42762,beab8b1b02f65fda14141648b52c00e744834e016ff28ca4b7d3b4aa2d2db4fa,2026-06-03T07:26:17+00:00
DELPHI_2025_ARXIV_SOURCE_ARCHIVE_001,DELPHI_OPEN_DATA_THRUST_EEC_NOTE_2025,figures/Thrust1995/Thrust_Delphi_multiWeight_1995.png,D:\Paper\Dimensional_Structural_Describability\Strong_interaction\data\raw\source_tables\01\extracted_candidates\DELPHI_2025_ARXIV_SOURCE_ARCHIVE_001\figures__Thrust1995__Thrust_Delphi_multiWeight_1995.png,True,data_suffix_or_keyword_or_numeric_dense,1415,True,44904,66b755c76fe44880b6fefc3991e1aa2bc26c380acfc9e58e3e764303a54fd6d1,2026-06-03T07:26:17+00:00
DELPHI_2025_ARXIV_SOURCE_ARCHIVE_001,DELPHI_OPEN_DATA_THRUST_EEC_NOTE_2025,figures/Thrust1995/Thrust_Delphi_sele_corr_comp_varEmin_1995.png,D:\Paper\Dimensional_Structural_Describability\Strong_interaction\data\raw\source_tables\01\extracted_candidates\DELPHI_2025_ARXIV_SOURCE_ARCHIVE_001\figures__Thrust1995__Thrust_Delphi_sele_corr_comp_varEmin_1995.png,True,data_suffix_or_keyword_or_numeric_dense,1186,False,38460,92e5b9eacd13c2cb0c94d0d5c2141bd285bd297548d8293813374b21d43d4eca,2026-06-03T07:26:17+00:00
DELPHI_2025_ARXIV_SOURCE_ARCHIVE_001,DELPHI_OPEN_DATA_THRUST_EEC_NOTE_2025,figures/Covariances/correlation_unfolded_1994.png,D:\Paper\Dimensional_Structural_Describability\Strong_interaction\data\raw\source_tables\01\extracted_candidates\DELPHI_2025_ARXIV_SOURCE_ARCHIVE_001\figures__Covariances__correlation_unfolded_1994.png,True,data_suffix_or_keyword_or_numeric_dense,5231,False,135552,723d2db957e14e1c7750cea39b8ba370d3326d4c2472eaf2606302e6746a41f9,2026-06-03T07:26:17+00:00
DELPHI_2025_ARXIV_SOURCE_ARCHIVE_001,DELPHI_OPEN_DATA_THRUST_EEC_NOTE_2025,figures/Covariances/correlation_1994.png,D:\Paper\Dimensional_Structural_Describability\Strong_interaction\data\raw\source_tables\01\extracted_candidates\DELPHI_2025_ARXIV_SOURCE_ARCHIVE_001\figures__Covariances__correlation_1994.png,True,data_suffix_or_keyword_or_numeric_dense,4952,True,129830,49a1974583fac1c78f52bdf061f43d6f6860c0e3f94ecb112f02a31465ef4713,2026-06-03T07:26:17+00:00
DELPHI_2025_ARXIV_SOURCE_ARCHIVE_001,DELPHI_OPEN_DATA_THRUST_EEC_NOTE_2025,figures/Covariances/stats_error_1994.png,D:\Paper\Dimensional_Structural_Describability\Strong_interaction\data\raw\source_tables\01\extracted_candidates\DELPHI_2025_ARXIV_SOURCE_ARCHIVE_001\figures__Covariances__stats_error_1994.png,True,data_suffix_or_keyword_or_numeric_dense,1288,True,38376,8dcae72f93ba30e9b5b4087c580307e97381659a2ec5603dd89567a2785adf1b,2026-06-03T07:26:17+00:00
DELPHI_2025_ARXIV_SOURCE_ARCHIVE_001,DELPHI_OPEN_DATA_THRUST_EEC_NOTE_2025,figures/Covariances/covariance_unfolded_1994.png,D:\Paper\Dimensional_Structural_Describability\Strong_interaction\data\raw\source_tables\01\extracted_candidates\DELPHI_2025_ARXIV_SOURCE_ARCHIVE_001\figures__Covariances__covariance_unfolded_1994.png,True,data_suffix_or_keyword_or_numeric_dense,6047,False,162018,de751007fbc8a17cd2e7aee1c8167660ca3f838675d7a2c0f537a5a011976bf8,2026-06-03T07:26:17+00:00
DELPHI_2025_ARXIV_SOURCE_ARCHIVE_001,DELPHI_OPEN_DATA_THRUST_EEC_NOTE_2025,figures/Covariances/covariance_1994.png,D:\Paper\Dimensional_Structural_Describability\Strong_interaction\data\raw\source_tables\01\extracted_candidates\DELPHI_2025_ARXIV_SOURCE_ARCHIVE_001\figures__Covariances__covariance_1994.png,True,data_suffix_or_keyword_or_numeric_dense,5520,False,152246,c64c2d4105d0f71380a4204a85855ffde64af4225597d395a93baa352d4db524,2026-06-03T07:26:17+00:00
DELPHI_2025_ARXIV_SOURCE_ARCHIVE_001,DELPHI_OPEN_DATA_THRUST_EEC_NOTE_2025,figures/Covariances/covariance_unfolded_1995.png,D:\Paper\Dimensional_Structural_Describability\Strong_interaction\data\raw\source_tables\01\extracted_candidates\DELPHI_2025_ARXIV_SOURCE_ARCHIVE_001\figures__Covariances__covariance_unfolded_1995.png,True,data_suffix_or_keyword_or_numeric_dense,7734,False,214106,f160af31bbe956aeac846ac90451ccb9c6e4e9cc03250f8872f6181e36db5a76,2026-06-03T07:26:17+00:00
DELPHI_2025_ARXIV_SOURCE_ARCHIVE_001,DELPHI_OPEN_DATA_THRUST_EEC_NOTE_2025,figures/Covariances/correlation_unfolded_1995.png,D:\Paper\Dimensional_Structural_Describability\Strong_interaction\data\raw\source_tables\01\extracted_candidates\DELPHI_2025_ARXIV_SOURCE_ARCHIVE_001\figures__Covariances__correlation_unfolded_1995.png,True,data_suffix_or_keyword_or_numeric_dense,5723,True,155412,554a180b972497e249fef58afd0eec967655037a8f6b17d86c3a045598d93d7a,2026-06-03T07:26:17+00:00
DELPHI_2025_ARXIV_SOURCE_ARCHIVE_001,DELPHI_OPEN_DATA_THRUST_EEC_NOTE_2025,figures/Covariances/correlation_1995.png,D:\Paper\Dimensional_Structural_Describability\Strong_interaction\data\raw\source_tables\01\extracted_candidates\DELPHI_2025_ARXIV_SOURCE_ARCHIVE_001\figures__Covariances__correlation_1995.png,True,data_suffix_or_keyword_or_numeric_dense,5282,False,147208,420cb76e36689dc370000286a38d1e41a759284c44d31ed90251a1e6f8451fab,2026-06-03T07:26:17+00:00
DELPHI_2025_ARXIV_SOURCE_ARCHIVE_001,DELPHI_OPEN_DATA_THRUST_EEC_NOTE_2025,figures/Covariances/covariance_full_1994.png,D:\Paper\Dimensional_Structural_Describability\Strong_interaction\data\raw\source_tables\01\extracted_candidates\DELPHI_2025_ARXIV_SOURCE_ARCHIVE_001\figures__Covariances__covariance_full_1994.png,True,data_suffix_or_keyword_or_numeric_dense,30888,True,841766,478ad323971652084be8748de2acc9dd21f92d47e6defbdc2c0c100399647bc7,2026-06-03T07:26:17+00:00
DELPHI_2025_ARXIV_SOURCE_ARCHIVE_001,DELPHI_OPEN_DATA_THRUST_EEC_NOTE_2025,figures/Covariances/covariance_1995.png,D:\Paper\Dimensional_Structural_Describability\Strong_interaction\data\raw\source_tables\01\extracted_candidates\DELPHI_2025_ARXIV_SOURCE_ARCHIVE_001\figures__Covariances__covariance_1995.png,True,data_suffix_or_keyword_or_numeric_dense,7620,False,204289,86295c767d1b6b2284db385bad7bdadb2c703e2faebf739e05d7f32ea183c93d,2026-06-03T07:26:17+00:00
DELPHI_2025_ARXIV_SOURCE_ARCHIVE_001,DELPHI_OPEN_DATA_THRUST_EEC_NOTE_2025,figures/Covariances/correlation_z_1995.png,D:\Paper\Dimensional_Structural_Describability\Strong_interaction\data\raw\source_tables\01\extracted_candidates\DELPHI_2025_ARXIV_SOURCE_ARCHIVE_001\figures__Covariances__correlation_z_1995.png,True,data_suffix_or_keyword_or_numeric_dense,5249,False,145863,270aac68c147db7b66d723ace2f2314ff6945126738ebd973183c104d80a2c2d,2026-06-03T07:26:17+00:00
DELPHI_2025_ARXIV_SOURCE_ARCHIVE_001,DELPHI_OPEN_DATA_THRUST_EEC_NOTE_2025,figures/Covariances/covariance_z_1995.png,D:\Paper\Dimensional_Structural_Describability\Strong_interaction\data\raw\source_tables\01\extracted_candidates\DELPHI_2025_ARXIV_SOURCE_ARCHIVE_001\figures__Covariances__covariance_z_1995.png,True,data_suffix_or_keyword_or_numeric_dense,4516,False,130122,579d4279c7dcbe2488e2137202353a2cfcad13f10c9c0a7e89963a6f636d4eba,2026-06-03T07:26:17+00:00
DELPHI_2025_ARXIV_SOURCE_ARCHIVE_001,DELPHI_OPEN_DATA_THRUST_EEC_NOTE_2025,figures/Covariances/covariance_unfolded_z_1995.png,D:\Paper\Dimensional_Structural_Describability\Strong_interaction\data\raw\source_tables\01\extracted_candidates\DELPHI_2025_ARXIV_SOURCE_ARCHIVE_001\figures__Covariances__covariance_unfolded_z_1995.png,True,data_suffix_or_keyword_or_numeric_dense,5215,False,140200,b7691556ccbd94278d9bc4e24972887ad810b8a5dec61d8bd2cbceb9f38e0f2c,2026-06-03T07:26:17+00:00
DELPHI_2025_ARXIV_SOURCE_ARCHIVE_001,DELPHI_OPEN_DATA_THRUST_EEC_NOTE_2025,figures/Covariances/correlation_unfolded_z_1995.png,D:\Paper\Dimensional_Structural_Describability\Strong_interaction\data\raw\source_tables\01\extracted_candidates\DELPHI_2025_ARXIV_SOURCE_ARCHIVE_001\figures__Covariances__correlation_unfolded_z_1995.png,True,data_suffix_or_keyword_or_numeric_dense,5590,False,155239,d992bda7ddb78e7fafa0ab25e37cbfd33773765ebfc3053125257ef60c7f5153,2026-06-03T07:26:17+00:00
DELPHI_2025_ARXIV_SOURCE_ARCHIVE_001,DELPHI_OPEN_DATA_THRUST_EEC_NOTE_2025,JHEP.bst,D:\Paper\Dimensional_Structural_Describability\Strong_interaction\data\raw\source_tables\01\extracted_candidates\DELPHI_2025_ARXIV_SOURCE_ARCHIVE_001\JHEP.bst,True,data_suffix_or_keyword_or_numeric_dense,54,True,19542,e5d92db51bcbfb852d9a5d3840fd02f5a2ea4ac9ef8aae9c134f3fc93215ec75,2026-06-03T07:26:17+00:00
DELPHI_2025_ARXIV_SOURCE_ARCHIVE_001,DELPHI_OPEN_DATA_THRUST_EEC_NOTE_2025,jheppub.sty,D:\Paper\Dimensional_Structural_Describability\Strong_interaction\data\raw\source_tables\01\extracted_candidates\DELPHI_2025_ARXIV_SOURCE_ARCHIVE_001\jheppub.sty,True,data_suffix_or_keyword_or_numeric_dense,187,True,11812,478c47bf3d831b723766104b4c506de19f04bf5ede537cc25aeda9f3f5ade2a0,2026-06-03T07:26:17+00:00
DELPHI_2025_ARXIV_SOURCE_ARCHIVE_001,DELPHI_OPEN_DATA_THRUST_EEC_NOTE_2025,utility.tex,,False,no_relevant_keyword_or_numeric_density,2,False,570,5c14da19e31483ccd3cb9121924c828d34400a1fc87418630ff7c7683a11f5f2,2026-06-03T07:26:17+00:00
